reviewid,storeid,searchid,reviewidx,reviewtxt
93_1_1,93_1,93,1,"예약없이도 전화 연락드리고 방문가능한 블루베리 체험농장 일정 중간에 시간이 남아서 방문드렸어요.
탐스럽게 익은 블루베리 아이들과 직접 따면서 유익한 시간 보냈어요.
입구부터 백합향이 넘 좋았어요."
93_1_2,93_1,93,2,"아침에 일어나니 오랜만에 날이 좋길래 찾아보다가 갑작스럽게 방문했는데요. 우선 사장님 내외분이 너무 너무 좋으세요!!!!! 날이 더워서 모자/물 필수이고 블루베리는 따갈 만큼은 익어있고 맛있습니다 :)

다음에 한번 더 가려고 합니다!!"
93_1_3,93_1,93,3,"블루베리가 너무 맛있네요!! 아이와 같이 따면서 먹고 웃고 하는 재밌는 시간을 가질수 있었습니다~ 수경화분 꾸미기는 아직 안하시는데, 해주셔서 감사했습니다 아이가 좋아하네요! 체험비용도 ㅎㅎ 워낙 블루베리를 많이 먹어서 괜찮습니다
또오겠습니다"
93_1_4,93_1,93,4,굵고 실한 아이들은 달아요~
93_1_5,93_1,93,5,"블루베리 맛있어요
가격은 조금 비싼데..더웠어요"
93_1_6,93_1,93,6,굿
93_1_7,93_1,93,7,"무농약 농장이라 따서 바로 먹어도 되고, 블루베리 너무나 달고 맛있고, 관리도 잘되어 깔끔하고, 사장님 너무나 친절하세요!!!"
93_1_8,93_1,93,8,"아이들과 블루베리 따기 체험했는데
사장님이 인심이 아주 후하십니다.
블루베리도 넘 맛있구요.
짱입니다."
93_1_9,93_1,93,9,친절하고 재밌어요
93_1_10,93_1,93,10,"너무 좋아요
블루베리도 맘껏 먹고요~"
93_2_1,93_2,93,1,"무더위를 날리려 집 근처 아쿠아필드 다녀왔어요. 하원하고 5시쯤 방문하니 사람도 없고 한적했어요
모래놀이 좋아해서 장난감 챙겨가서 신나게 놀고 새로생긴 패들보트?보더니 엄청 좋아하네요 ㅎㅎ
예전보다 아이가 놀거리가 다양해진것같아 좋아요"
93_2_2,93_2,93,2,풀파티가새롭게생겨서 좋았어요~예전강릉여행에서 풀파티했을때 생각도나고 여행기분났습니다.아이들 어릴때는 자주왔지만 크고나서 오랜만에 왔는데 꽤놀만했어요~시설도 깔끔하고 밥도맛있습니다.떡볶이 맛있고 츄러스가맛집입니다 ㅎ ㅎ
93_2_3,93_2,93,3,"아쿠아필드 고양점
사우나 찜질방 편의시설
구비가 잘 되어 있어요.
무더위 폭염에 피서객들이 조용히
주말을 쉬어요^^
신분증 갇고오심 확인후
입장할때 할인해주어요
6시간 이용할 수 있어요^^"
93_2_4,93_2,93,4,"네이버페이 할인 받아서 저렴하게 이용하였습니다. 주차자리 많지만 사람도 그만큼 많고 붐빕니다.
내부 음식들 대체로 맛있고, 사우나 탕 종류 다양하고 찜질방도 여러개 있어서 좋아요. 하지만 아이들이 많아 계속 뛰어다기 때문에 정신없을 수 있습니다."
93_2_5,93_2,93,5,"오픈은 10시 야외는 11시부터 오픈이다~
야외 위주로 놀려면 10시 40분 이후에 입장 하시는게~~
모든 직원분들 친절하시고 카바나도 할인 중이어서 좋았다~ 비가 와서 마를 시간이 없어서 그런지 실내 야외 할 것 없이 쉰내가 좀 났으나 그래도 놀다보니 괜찮아 졌다.
허나 잠시 후.... 단체로 온 무리가 이용권 시간 끝날 때까지.. 장악하듯 단체로 수영시합을 하는데... 옆에서 놀던 사람들도 비키느라 신경 쓰이고 좀 짜증났다 (그럴거면 스포츠센터 수영장을 가시라고요...) 직원들도 누구 하나 제지하는 사람이 없어서 아쉬웠다.
그나마 점심으로 맛난 감튀와 치킨을 먹어서 그나마 기분이 좋아졌다~
어묵이랑 떡볶이도 같이 시켰는데 치킨이 젤로 맛남~"
93_2_6,93_2,93,6,"아이랑 다녀왔는데 놀기 좋았어요
주차도 수월하고 서울이나 주변 경기도에서도 인접해서 지인하고도 만나기도 편했어요~
다음에도 방문 예정입니당!!"
93_2_7,93_2,93,7,수영하고 찜질방에서 푹쉬다온날 생각했던것보다 사람이 많지않아서 실컷수영하고 너무좋았음 아이들과 가기 딱좋은곳~~찜질방도 워낙넓어서 북적되는게 없는게장점인듯하다 루프탑풀이 훨씬좋음 안쪽수영장보다^^
93_2_8,93_2,93,8,"평일금요일 4시쯤갔는데 사람많지않고 넘 좋았어요~!아이들이 파란그물놀이터가 없어져서 많이 아쉬워했어요 왕돈까스 크고 양이 많아서 공기밥추가하면 둘이 먹어도 될양이였어요~떡볶이세트도 맛있었어요 떡이 쫀득쫀득 짭짤하니 맛있더라고요
잘쉬다가 왔어요~~"
93_2_9,93_2,93,9,"아쿠아필드가 9am부터 운영한다고 해서 주말에 조금이라도 일찍 체크인하려고 갔는데 북측주차장에서 3번 게이트가 8시 45분에 열리고,(보안문제) 체크인은 무조건 9시부터 할수 있습니다. (더운데 미리가지말고 8시 55분쯤에 도착해야 된다는 뜻^^;;;) 지역주민 할인은 30프로라 지금 네이버서 파는 금액과 별차이는 없군요.돈까스 12천원,떡볶이 7천원, 아이스 아메리카노 5000원. 루프탑이용권과 멀티패스 이용권 차이가 헷갈렸는데, 루프탑은 수영장+목욕탕,멀티패스는 수영장+목욕탕 그리고 찜질방. 입니다. 집에서 들고간 비치타월은 매해 짐만 되는데 자꾸 들고 오네요.ㅎ"
93_2_10,93_2,93,10,릴렉스존이랑 찜질방이 ㄹㅇ 힐링 그자체입니다 그렇게 뜨겁거나 시끄럽지도 않고 고요한 공간에서 푹쉬는 느낌입니다아 특히 릴렉스존은 성인 위주라 소음 일체 없음 재방문의사있음!
93_2_11,93_2,93,11,"날씨가 궂어서 사람들이 많지 않았어요.
비가 내려 조금 쌀쌀하기도 했지만
쾌적하게 놀수 있었네요.
슬라이드 없어도 수영, 모래놀이 하며 신나게 놀았어요. 쾌적하고 깨끗해서 좋았습니다. :)"
93_2_12,93_2,93,12,이번엔 부모님 모시고 왔어요. 비오는 날이라 쌀쌀했는데 뜨끈하게 땀빼고 지지니까 좋아하셔서 뿌듯하네요~ 이날 비내리고 쌀쌀해져서 사람 많을 줄 알았는데 적당히 있어서 넘나 쾌적하게 이용했네요. 마지막은 온천 반신욕으로 뿔리고 세신이에요👍
93_2_13,93_2,93,13,비수기라 한가로이 좋아요. 주차도 편리하고 부대시설도 깨끗하고 좋아요. 20분거리라 가깝기도 하고 뷰또한 긋이네요. 매년마다 콩콩하고 있어요. 혼방은 처음이지만 괜찮네요. 쭉 올것 같아요. 아가들이랑 가족방문도 좋을것 같아요. 데스크. 매점 안전. 직원분들 체계적이어 보이고 친절하세요. 아직까진 흠없는 아쿠아고양 긋~^^👍
93_2_14,93_2,93,14,휴식이 필요할때 와서 쉬기 너무 좋아요! 자주 이용하게 될 것 같습니다 ㅎㅎ 시원해서 추천이요
93_2_15,93_2,93,15,"어른도 아이들도 대만족입니다
인형뽑기에서 나오지 못하는 아이들이였지만,,
가족사진도 남기고 재밌게 잘 쉬고 놀다가요~"
93_2_16,93_2,93,16,"찜질할 곳이 그렇게 다양하지는 않지만, 규모가 진짜 커요 ㄷㄷㄷ 이가격에 이정도 퀄리티면 너어어무 좋아요"
93_2_17,93_2,93,17,"평일에이용!시설도깔끔넓어서 붐비지않아좋았어요
찜질방은 황토방외에 여러테마방이있어요
우주.편백.구름.소금 맥반석등등~
6시간이용권 미리구매해서 잘쉬다왔어요!"
93_2_18,93_2,93,18,저는 아파서 못갔고 제와이프와 친구분이 같이 가서 놀았다고 하는데 너무 좋다고 하네요. 경기북부권역에 이정도 규모의 워터파크는 없다고 할 정도로 만족합니다.
93_2_19,93_2,93,19,"성수기라 사람 많아요
거품 플레이 유료로 바뀌었고 마지막 천장에서 나오는 물 너무 차가워요ㅠㅠ 주로 아기들이 참가하는데 미지근한 물로 해주시면 좋을 거 같아요"
93_2_20,93_2,93,20,"평일에 가니 한적해서 좋아요
버블타임도 있고 아이와 알차게 놀았어요"
93_2_21,93_2,93,21,비오는날 깔끔한 곳에서 운치좋게 힐링했어요 부모님도 대만족
93_2_22,93_2,93,22,땀 잘나고 숨쉬기 좋고 시설 좋고 물 좋고 세신도 짱임.
93_2_23,93_2,93,23,만족스러운 하루를 보내고 귀가합니다^^
93_2_24,93_2,93,24,아이와 같이 놀러가기 좋은 곳이에요. 일요일에 방문하니 사람도 많지 않고 좋네요~
93_2_25,93_2,93,25,"하남처럼 야외탕은 없으나, 탕에서 마사지 할 수 있어서 좋았습니다. 가기 전엔 비싸다고 느꼈지만, 막상 탕에 누우면 잘왔다고 느끼는 곳"
93_2_26,93_2,93,26,"이정도 넓은 시설은 남녀노소 모두 만족시킬만한 요소들을 골고루 갖추고 있어야 하는데요. 아쿠아필드는 기본적으로 가족단위 고객이 많기 때문에 아이들을 위한 공간과 어른들을 위한 공간이 분리되어 있습니다.

안마의자나 릴렉스룸, 그리고 불가마 같은 찜질방은 어른들을 위한 공간이죠. 놀이시설이나 스낵바 주변, 그리고 욕탕은 아이들 천국입니다. 이런 분리된 공간설계는 다른 찜질방에서 쉽게 찾기 힘든 스케일을 보여줍니다.

음식은 한식과 중식, 분식, 통닭, 구운계란, 식혜 같은 찜질방 베스트셀러들이 모여있는데, 조금더 아이들을 위한 메뉴가 개발되어도 좋을것 같습니다."
93_2_27,93_2,93,27,루프탑이여서 뷰 너무 예뻤고 안전 관리도 잘 해주셔서 좋았어요
93_2_28,93_2,93,28,식혜계란세트 시켰는데 계란3개에 식혜 하나에 12000원인가? 그랬어요 그냥 따로 시키는 것 보다 이천원 더 비싸서 식혜 두개 주는 줄 알았는데 스티커값이 이천원… ㅋㅋㅋㅋㅋ 제대로 안 보고 산 게 잘못이지만 좀 속은 느낌이 강하네요
93_2_29,93_2,93,29,"부모님이랑 아이랑 같이 갔는데 크고 쾌적해서 아이와 쉬고 놀기에 좋았고 부모님도 만족하셨습니다.
다만, 쉬는 공간에 너무 많은 무리가 게임하고 소리지르고 놀아서 어르신들이나 아이가 자기엔 힘들었습니다
공간을 따로 만들어주거나 조금 통제가 되면 좋을거같습니다. 다음에 또 가고싶습니다"
93_2_30,93_2,93,30,"이건 진짜 꼭 한 번 경험해봐야 해요🔥
불가마에서 멋지게 타올을 돌리며 열기를 퍼뜨리는데,
그 순간 공기가 달라져요. 그냥 덥기만 한 게 아니라
온몸을 감싸는 강렬하고도 정제된 열기가
정말 “짜릿하게 다가오더라고요!!”ㅋㅋㅋ

아로마 오일 덕분에 단순히 땀만 흘리는
시간이 아니라 심신이 동시에 정화되는 느낌이었어요.
지친 마음까지 포근하게 감싸주는 기분💛

횟수가 더 늘었으면 하는 소망이 있습니다
온가족 출동 시키고 싶어요👍🏻 최고"
93_3_1,93_3,93,1,지인이 작년에 다녀왔다길래 세집이 다같이 방문했어요. 11명 평상 2개 붙여 빌려 오후 내내 잘 놀다 왔네요. 아직은 좀 추워서 애들 오들오들거려 체온유지실도 왔다갔다 했고요. 다행히 햇빛이 따사로운 날씨라 다행이었어요. 참 성인풀 150cm라 저희 애 140인데 구명조끼 꼭 입혀야 해서 매점에서 8천원에 대여했어요. 미리 챙겨들 가세요. 현금이나 계좌이체 받더라구요. 그것도 참고하세요. 입장료는 카드 결제 했어요. 고기 구워 먹고 잘 놀다 왔네요🎵
93_3_2,93_3,93,2,"다른곳에 비해 가격대가 저렴하여 검색 후 방문했어요
근데 전체적으로 관리가 정말 안되네요.
모자 안 쓰는것도, 다이빙 하지말라고말라고 계~속 주의주는데도 가드들 비웃으며 신나게 하는 어른들. 음쓰통은 매점 앞 통로쪽에 버젓이 열려있고 샤워장은 한번 가려지는 커텐도 없어서 계단 내려가면 바로 보이게끔 되어있고 신발 신지말라해도 신고다니는 사람들이며, 수질이며, 전체적으로 너무 관리가 안되는 느낌이었어요.
어떤 사람들은 유리병 반입했다가 깨졌는지 직원들이 치우고 있더라구요 다들 맨발로 다니는데... 너무 놀래서 그거 보는순간 나와서 집으로 왔습니다.
주차장은 넓어서 좋았지만, 주차 안내해주시는 분이 없어서 초반에 좀 헤맸었어요. 재방문의사는 없습니다!"
93_3_3,93_3,93,3,"장점 : 물이 깨끗하다. 입장료가 저렴하다.(카드 비수기 11000원). 비데설치등 위생에 신경 많이 쓰시는 듯
주차장이 여러군데이다.
샤워비 별도 발생없음. 고기불판가위집게등등 대여가능
워터슬라이드 의외로 꿀잼
샤워시설 완비


단점 : 퇴장 시 발 닦는 공간이 있으면 좋겠음. 내부에선 신발금비이기때문에 퇴장할 때 발 씻는 수도꼭지라도 별도로 조그만하게 마련해주시면 좋을 듯
샤워기 갯수가 부족함.
셔워시설 낙후. 특히 옷 보관함쪽에 나무발판에 바퀴벌레인지 쥐인지 사사삭 움직이고 있음.
라 구역에만 물가에 그늘이 있다.
조리도구 대여는 가능하지만 대여비가..좀..
🥰
내년에 올땐 바리바리 짐 싸들고 올 듯 합니다. 다 챙겨서 오면 합리적으로 놀 수 있어요
그래도 이정도면 매우 만족합니다. 재미있었어요"
93_3_4,93_3,93,4,"시즌기간이 갑자기 변경되서 새벽일찍 5시반부터 나갔다 한참을 줄서있었네요ㅠㅠ 몇년전부터 여름이면 다니던 곳인데 항상 마지막까지 애들이랑 신나게 잘 놀고왔습니다.
수영장 바닥이 옥이라 물도 더 깨끗해보이고 관리를 잘해 놓습니다. 외부신발은 꼭 벗고 다녀야하고 간혹 수영장에서 노는 아이들 밥 먹인다고 삼겹살 구워 물에 있는 아이들 먹여주는 엄마들 계신데 방송으로 뭐라 하세요 .👍🏻 ☺️
음식물 쓰레기 외에는 모든 쓰레기는 본인이 봉투에 담아 다 가져가야합니다. 아쉬운건 샤워실이 좀 그렇긴한데 더운 여름 아이들과 놀기 아주 좋아요.굿~~👍🏻"
93_3_5,93_3,93,5,라-6 방갈로 썼는데 모기가 너무 많아요ㅠㅠㅠ다른자리나 반대편 쓰는게 나을듯.. 매점쪽도 음식물 쓰레기도 많고 모기파리 많습니다ㅠ 여자샤워실 넘 음침한 느낌이고.. 그치만 친구들끼리 재밌게 놀기에는 무난합니다! 멀리 안가고 괜찮은듯. 위 사항만 괜찮다 하는 분들 추천
93_3_6,93_3,93,6,"처음으로 다녀왔는데
넘 잼있게 놀다왔어요
아이들은 자끼들끼리 놀고 진짜 오래만에 힐링이됬네요 자주 이용 할꺼 같습니다 ~^^"
93_3_7,93_3,93,7,"사람없을 때 가서 더 좋았어요 ㅎㅎ
물도 깨끗하고 성인들 놀기 딱 좋고
삼겹살도 맛있게 꾸워먹었어요
내년에 또갈예정~~"
93_3_8,93_3,93,8,"저렴한 가격에 아이들과 잘 놀다왔습니다
다른곳보다 물이 정말 깨끗해요^^"
93_3_9,93_3,93,9,"생각보다 수영장도 길고 넓어서 사람들에 치이지 않고 놀았어요ㅋㅋ
매점에도 다양하게 팜!"
93_3_10,93_3,93,10,"물이 깨끗한지 아토피인 제가 가도 괜찮아요
대신 샤워실이랑 매점이 너무 별로라서, 필요한 건 먼저 사가고 집에 호다닥 와서 씻어요~
가격이 합리적이라 갈만합니다"
93_3_11,93_3,93,11,"비수기에 저렴하게 다녀왔어요.
조금 추웠어요."
93_3_12,93_3,93,12,현금 만원 카드 1.5 환기 어려움
93_3_13,93_3,93,13,"고기를 구워 먹을수 있어서 좋았어요.
그런데, 방갈로 평상의 예약 방식을 온라인으로 바꾸면 안되나요? 줄서는 시간이 너무 길고 현장이 너무 혼잡하고 위험합니다! 그리고 시설물 청결에 좀더 많이 신경 써주시면 좋겠습니다. 특히 매점과 개수대 샤워장은 정말 ㅠㅠ"
93_3_14,93_3,93,14,"저렴한 가격으로
먹고 마시고 수영하기 좋은.."
93_3_15,93_3,93,15,"취사되는 야외수영장중에 제일 나은거같아요.
다만 비수기성수기에 따른 공지를 쉽게 확인할 경로가 있었음 좋겠어요"
93_3_16,93_3,93,16,"수질이 예전보다 안좋아졌어요ㅠㅠ
물도 안차고요ㅠ"
93_3_17,93_3,93,17,수영장 물이 좋아요.
93_3_18,93_3,93,18,많이 비싸졌지만 그래도 좋아요
93_3_19,93_3,93,19,무난하게 놀기 괜찮은 고기 구워먹는 좋은 수영장.주차장이 다소 좁아서 불편함.
93_3_20,93_3,93,20,"가깝고.
고기구워먹으면서 아이들 노는 거 볼 수 있어요"
93_3_21,93_3,93,21,
93_3_22,93_3,93,22,
93_3_23,93_3,93,23,굿
93_3_24,93_3,93,24,좋아요
93_3_25,93_3,93,25,
93_3_26,93_3,93,26,그냥그냥요
93_3_27,93_3,93,27,좋아요
93_3_28,93_3,93,28,수영장 물 냄새가 안나요~ 시설도 좋고 가성비 갑 입니다
93_3_29,93_3,93,29,수영하고 고기 구워 먹기 좋아요
93_3_30,93_3,93,30,좋아요
93_4_1,93_4,93,1,"오랜만에 방문 했는데, 바뀐것도 있고 체험도 늘고 아이들이 흥미롭게 너무 잘 놀았어요. 올때마다 항상 시간이 부족 할 정도로 너무 잘놀아요 ~ 봉사자 분들과 안내 해주시는 모든분들이 다 친절하시고 좋았는데 몇몇 초록색 옷입은 젊은분이 끝나가는 시간 이라서 그런건지, 개인적 으로 불편한 일이 있었는지, 눈치주고 한숨쉬고 놀이 중 인데도 치우고 그래서 기분이 언짢았네요. 응대도 미숙 했고요...
그래도 주차비 저렴하고 깨끗하고 아이들이 좋아해서 다음에 또 방문 예정입니다. 초저 학년까지 즐길수 있는 장소로 추천합니다 ~"
93_4_2,93_4,93,2,친구와 아기들 데리고 처음 방문 했는데 너무너무 좋았어요!! 공간 하나하나 모두 창의적이고 체험할 거리들이 많아서 즐겁게 잘 보냈어요~! 그리고 무엇보다 일해주시는 분들이 친절하고 잘 대해주셔서 기분이 좋았습니다~ 감사합니다💚💚
93_4_3,93_4,93,3,집근처라 몇번가도 전시 거의 그대로 컵보관대에 물컵두고 가도 훔쳐가는곳 씨씨티비있지만 귀찮은지 확인해주려하지도 않고 키즈카페가 더 재밌대요 한번가고 말곳 굳이 멀리서 오는 수고로움 없으셨음 하네요
93_4_4,93_4,93,4,박물관 주차 괜찮아요
93_4_5,93_4,93,5,아이들 어렸을때 오고 또왔는데 엄청 좋아하네요^^
93_4_6,93_4,93,6,
93_4_7,93_4,93,7,주차 저렴해요
93_4_8,93_4,93,8,아이랑 같이 가기 너무 좋네요 !! ^^
93_4_9,93_4,93,9,"2년만에오니
아이가커서그런지 훨씬재밌게노네요
체험프로그램도 다양해서 좋아요~!"
93_4_10,93_4,93,10,볼거리 많아요
93_4_11,93_4,93,11,주차비 저렴해요
93_4_12,93_4,93,12,굿
93_4_13,93_4,93,13,교육이 흥미진진해요
93_4_14,93_4,93,14,굿굿
93_4_15,93_4,93,15,유익해요
93_4_16,93_4,93,16,"아이랑 오기 좋아요.
직원들도 친절해요!"
93_4_17,93_4,93,17,재입장 불가는 여전히 아쉬움이 남네요.
93_4_18,93_4,93,18,평소에도 자주 가지만 이번에는 들썩들썩 어린이날 축제 겸 에르베 튈레 체험 전시까지 예약하고 갔어요. 첫날 더웠는데도 많은 유익한 프로그램 만들어 주셔서 감사합니다.
93_4_19,93_4,93,19,기다리면서 1층에서 소방차도 타고 유익한 시간이였어요
93_4_20,93_4,93,20,"36갤 미만 무료에 고양시민은 할인해서 3,500원! 홈페이지에서 당일예매 가능! 이용회차 입장시간 30분 전까지는 무료취소 가능해요! 입장 전에 물품보관함에 겉옷이나 거추장스러운거 보관하고 들어가면 좋고요.

저희 아이는 34개월인데 충분히 잘 놀고 왔습니다. 구경거리도 많고 체험할 것도 은근 많았어요. 좋은 가격에 이렇게 고퀄로 놀 수 있다니~ 2회차에 갔는데 2시 좀 넘어 들어가서 끝날 때까지 있다 왔습니다. 2층 물 가지고 노는 곳에서 물총 쏴서 물레방아 돌리는 걸 제일 좋아해서 한참 있었고 3층 갔다가 이제 나가려는데 물총 또 하고 싶대서 또 갔어요 ㅋ

어리면 어린데로 좀 크면 큰데로 배울 게 있는 곳 같아요. 박물관 답게 교육적인 요소가 곳곳에 있네요. 아주 유익해서 다음에 또 가려구요👍🏻"
93_4_21,93_4,93,21,주차
93_4_22,93_4,93,22,"아이랑 가기 너무 좋아요~
아이도 너무 좋아해요!!!!!!
타지역 살아서 성인1 입장료 5000원씩 내야하는데 만족해요~"
93_4_23,93_4,93,23,가성비 좋은 키즈카페 느낌인데 유익하고 좋습니다.
93_4_24,93_4,93,24,굿
93_4_25,93_4,93,25,주차장이 야외에 있어요
93_4_26,93_4,93,26,주차비용 저렴해요
93_4_27,93_4,93,27,주차비 저렴해요
93_4_28,93_4,93,28,"미취학용 박물관.
초딩은 시시해하네요"
93_4_29,93_4,93,29,좋아요
93_4_30,93_4,93,30,"놀거리가 다양해요. 비싼 키카포다 좋아하네요.아이와 함께 시간보내기 좋아요.
다양한체험이 가능해서 좋아요~"
93_5_1,93_5,93,1,"평일 오후에 방문해서 한산했어요
다만 인근 군부대에서 하계 야유회 날이었는지 씩씩한 군장병 덕에 군기 팍 들어서 놀았습니다ㅎ
규모가 큰 편은 아니고 가볍게 방문하기에 알맞고 샤워시설이 협소합니다
낙후 된 시설은 아니고 좁아서 간단히 물 헹굼 정도 가능~^^%
3-4시간 잘 놀았습니다~
평일만 재방문 의사 있습니다^^;;"
93_5_2,93_5,93,2,"아이들과 부모님이 가서 놀기는 조아요

어른끼리 가기는 물이 좀 얕아 비추요

점심시간에 물청소를해서
오전보다 오후물이 깨끗해요"
93_5_3,93_5,93,3,오후에 도착해서 저녁까지 놀기^^ 평상 대여로 고기구워먹고 놀기 좋고 수질관리와 시설관리를 잘하시는거 같아요!! 주간타임 마치고 야간타임 시작 전 정리하시는거 옆에서 보는데 평상 쓸고 닦고 관리가 좋아요~~ 먹을거 많이많이 챙겨와서 하루종일 놀아요!! 초2초5 즐거워합니다ㅋㅋ
93_5_4,93_5,93,4,야간개장으로 방문해봤어요~ 네이버에서 다같이예약하고 가족중 몇명만 방문 후에 전화번호 확인으로 다른가족들도 입장했습니다 4시50분경 도착하니 주차장이 오전타임 손님들로 북적이더라구요 5시가 넘어가니 사람들이 제법빠졌습니다 매표소에서 평상자리선택할때 대기없이 바로 했어요~너무 친절하게 응대해주셨습니다! 청소가어느정도 된후 5시 20분 안되서 입장한것같아요 가족단위가 많고 분위기가 정말 너무 좋습니다! 친정부모님모시고 수영장 처음갔는데 취사가 되기때문에 가져간 음식 먹느라 심심할 틈이없고 식사하시면서 아이들노는것만 봐도 즐거워하셨어요~ 오랜만에 레쉬가드도 입으시고중간에 잠깐 들어가서 물에도 계시고 너무 좋았다고하시네요!저도 물론 너무 좋았어요 아이들 노는데 물놀이가정말 좋자나요 재밌었습니다 :) 추천드려요!
93_5_5,93_5,93,5,작년에 이어 오늘 오픈 첫날 방문 했어요 물 너무 깨끗하고 친절하고 관리 잘되어있고 바람이 많이 불어 살짝 추운데 사람 많지 않아 너무 좋습니다 고기구워먹기 너무 시원하고 날이 좋네료 6월 한달 평상3만원이라 한번 더 와야겠어용 번창하세요||
93_5_6,93_5,93,6,"올여름 알게 되어 오늘까지
3번째 방문입니다. 너무 만족하고 즐겁게 물놀이했는데요 튜브 바람빼는게 하나 있음
넘 좋을것같아요^^"
93_5_7,93_5,93,7,"고기도 구워먹고 수영도 하고싶어서 방문했습니다.

네이버로 야간수영 결제 후 5시 쫌 넘어 도착,
순차적으로 방갈로 배정받았어요(나름 명당!!)

사람이 많아 시원한 목욕탕 같은(?) 분위기였지만
즐겁게 놀다 왔습니다^^"
93_5_8,93_5,93,8,"처음으로 방문해봤어요. 물이 정말 깨끗하더라구요.
크록스나 기타 슬리퍼가 안되는 줄알았는데, 다들 화장실갈때는 신으시더라구요
저희는 아쿠아슈즈만 되는줄알고 급하게 샀는데 크록스를 신으셔도 될것같아요
모자는 꼭 쓰셔야하구요~ 사람들이 꽉 찬건 아니고 적당히 평상이 차있었는데 수영장은
생각보다 또 붐비지않아서 좋았어요. 수영장이 두종류인데 어른용풀장이 120cm라
아이들도 놀기 좋을것같아요~ 저희 아이들 키가 140이상인데 딱 좋았어요~
안전요원들이 있어서 바로바로 대처가 가능할것같구 안내해주시는 분들도 다 친절했어요~
샤워장이나 탈의실도 깔끔하고 매점에 이것저것 팔아서 깜빡하고가셔도 걱정안하셔도 될것같아요
공이 하나있으면 정말 재미있게 놀수있는것같아요 ㅎㅎ 너무 즐거운시간이였습니다"
93_5_9,93_5,93,9,너무 깔끔하고 시원하고 좋네요 이용 편리하고 (평상 입구쪽에 잡으세요) ㅎㅎ
93_5_10,93_5,93,10,"작년에 4번다녀오고 올해 또 오픈해서 다녀왔어요~
역시나 관리가 잘되고있었고~ 너무깨끗하고 좋아요~ 아이들이 커서 그런가 심심해해서 주간잠깐놀고 야간까지 못놀고왔어요;; 놀수있는 놀거리가 있음 좋겠다는 생각이들었어요~"
93_5_11,93_5,93,11,"7월6일 일요일 오전 8시10분쯤 도착.
9시 시작으로 알고있어서 조금 일찍 도착했으나
우리가 처음으로 평상예약한듯..
수영장 청소중이라 9시 가까이되서
수영장에 짐 풀었습니다.
수질은 제가 가본 취사가능수영장중 단연코
1등이였고 화장실도 깨끗했습니다.
수온은 차갑습니다.
여기저기 춥다는 소리 들렸습니다.
저와 아들은 추울거 예상하고 슈트입고가서
밤9시까지 놀았음에도
춥지않게 재밌게 놀았어요.
신랑은 무슨 슈트까지입냐고 그냥 레쉬가드입고갔다가
춥다고 ㅎㅎ 슈트로 갈아입었습니다 ㅎㅎ
수영장은 작았으나 붐비지 않아
아들이 숏핀끼고 잘 놀았고
야간에는 더 인원이 적어 더 재밌게 놀았네요.
이제 곧 극성수기니 극성수기는 피해
재방문할게요^^
추워타시는분들은
슈트 추천드려요.^^
재밌게 잘 놀다왔습니다^^"
93_5_12,93_5,93,12,좋아요 친절하시고 잘놀고 왔어용!
93_5_13,93_5,93,13,"오후타임
가깝고 시원한곳을 찾다가
지인추천으로 다녀왔습니다
만족스러운 저녁 수영이였습니다"
93_5_14,93_5,93,14,"처음 방문한 곳인데 대기시간도 짧고 미리 예매하니 입장이 너무 빠르고 편해서 좋았어요. 대가족이라 혹시 데크 예약이 어려울까 걱정했는데 자리위치도 잘 설명해주셔서 좋았어요.
그리고 무엇보다 데크가 생각보다 넓어서 굿~
물에서 소독약 냄새도 적게나고 깨끗해서 만족합니다.
재방문 확정^^"
93_5_15,93_5,93,15,좋네요~ 자주방문할거같아요
93_5_16,93_5,93,16,시설 깔끔하고 애들이 좋아함
93_5_17,93_5,93,17,"주차공간 넓고 동선편하고
평상 깔끔한데
야간에는 분위기도 좋아요"
93_5_18,93_5,93,18,"8개월 여아 물에 안고 들어 갔는데 피부에 이상 없었고
시설 깔끔하고 주차 편하고 전기쓰기 편해요
큰 아들이 학교가는 바람에 같이 못온게 미안해서 조만간 또 한번 가려구요ㅎ"
93_5_19,93_5,93,19,"단체가 없으면 진짜 좋아요 넓고!
저렴한가격에 재미있게 이용했습니다"
93_5_20,93_5,93,20,"괜찮았어요.
바가지가 살짝있지만 그래도 만족함"
93_5_21,93_5,93,21,규모면에서 타수영장에비해 깨끗해요. 계속해서 수영장과 부대시설들을 관리하시더라구요. 주차장도 널찍해서 맘에들었습니다. 재방문의사 100프로 입니다.
93_5_22,93_5,93,22,"오픈런해서 놀다왔어요
날씨가 엄청 화창해서 정말 잘 놀다 왔네요
수질 관리도 로봇청소기로 아주 깨끗하게 하시고 안전에도 신경쓰시고 작년에 오픈한곳이라 그런지 계속 신경쓰시는 티가 나더라구요 입장할때도 짐이 많으니까 팔에 직접 팔찌도 채워주시고 친절하셨어요~!

참 야외 샤워장은 뜨거운물이 안 나오더라구요 ㅠㅅ ㅠ
아이들이 차갑다해서 휘리릭 씻느라 난리도 아니었던~
실내 샤워장 샤워기 5개라 복잡하다길래 야외 샤워장 선택한건데.... 찬물만 나오는줄 알았다면 복잡해도 기다렸을지도...야외 샤워장도 뜨순물 나오면 좋겠어유~그거 빼곤 다 만족합니다! 또 놀러갈게유💓"
93_5_23,93_5,93,23,"물 깨끗해요. 수심이 얕아요 아이들 어린 영유아
함께하기 좋아요

성인들 기준은 너무 얕아요
놀이기구가 없어서 아쉬워요
미끄럼틀 좀 해주세요

쓰레기 전부 가져가야해서 좀
당황했어요"
93_5_24,93_5,93,24,"안전요원들이 수시로 관리해요~
마음에 들어요..
쓰레기를 되가져오는 불편함이 있어요"
93_5_25,93_5,93,25,친구들이랑 놀러왔는데 물도 깨끗하고 샤워실이나 탈의실도 깔끔합니다 수도권 사시는 분들은 가볍게 오셔서 노시기 좋습니다!
93_5_26,93_5,93,26,"물 관리 너무 깔끔하게 잘 되고 사람이 많지않아서 편하게 잘 놀았어요!!
넘 좋던데요ㅠㅠㅠㅠㅠ 또갈게요"
93_5_27,93_5,93,27,"입장권과 별도로 평상 결제 필수입니다. 평일 5만원, 주말 6만원입니다.
참고하세요~"
93_5_28,93_5,93,28,"새로생긴듯
가족들과 물놀이하고 맛난거 먹고 좋습니다
아직 안알려져서 사람이 안몰리는듯해서 좋네요
또 다녀오고 싶어요"
93_5_29,93_5,93,29,"화장실.샤워실 표기도 정확히 안되있고 물도 너무 차가운데 아이들 몸 녹일곳도 마땅치않고...
놀거리도없고 매점에 파는것도없고
대체적으로 실망..오픈이 미뤄졌으면 준비를 더 철저히 하던가 물에 안들어가면 할거없는..
그리고 짐도많은데 쓰레기도 집에가서 버려야하고ㅋ 쓰레기 가져가라는 유료. 수영장 처음임..
입장료에 평상료까지 내는데 쓰레기도 집에 가서버려야하고...암튼 아이들도 여기 이제 오지말자고.."
93_5_30,93_5,93,30,"고양워터파크 6월6일 아이와 지인 아이들과 함께
여름 오기전 첫 수영장을 개시했는데 아직 이른감이 있어서 인지
물이 너무 차갑고 수영하기엔 부족함 날씨는 따뜻했지만 바람이 많이불어서
아이들이 즐겁게 놀지는 못했지만 준비해서간 음식으로 기분이 좋아졌네요
가깝고 아이들이랑 물놀이 하기엔 적합한 장소 임에는 틀림없네요^^
고기도 구워먹을수 있고 라면도 끊여먹고 여하든 좋았어요^^"
93_6_1,93_6,93,1,"40개월 아이랑 처음 방문했는데, 너무 좋아하네요! 5000원 먹이주기셋트 구매해서, 잉어,오리,알파카,토끼,거북,기니피그 등등. 다양하게 먹이주기 체험할수있어요👍 베이비카페에 있는 수유공간, 화장실 깔끔하고 잠시 간식타임 갖기 좋아요♡ 야외에 별도로 표 구매해서 탈 수있는 기차, 바이킹, 회전목마, 회전헬리콥터,전자동 자동차
놀이기구도 있고, 모래놀이존도 있어서, 아이가 더 신나했어요😆(모래놀이존의 놀이용품들은 거의 고장나고 부서져있어서 아쉽긴했어요;;) 야외에 나무데크 있어서 돗자리나 그늘막텐트도 가능하더라구요~ 날 좋은 가을에 피크닉하면 좋겠어요♡ 재방문 예정입니닷🤭"
93_6_2,93_6,93,2,"시설이 굉장히 넓고 직원분들도 친절했어요(애가 두고 간 탬버린 장난감 찾아서 보관해두심).
실외, 실내 다 볼거리가 많고 야외로 보행로는 왠만하면 그늘 만들어두셔서 복날 전날 방문했는데 엄청 덥진 않았어요.
실내에선 동물들을 가까이 볼 수 있어서 좋았고, 저희가 가까이 볼 수 있는만큼 동물들이 좀 좁은 곳에 있는 건 짠하긴 했는데 일장일단이 있는 듯 합니다.
중간중간 마실 것 쉴 곳 잘 갖춰져있어서 애들 데리고 놀기 좋아요!(야외에 수영장도 개장함).
먹이는 5,000원 기본 세트 가져갔는데 당근 줄 동물들이 넘 많아서 좀 모자랐는데 애가 먹이 주기 좋아하면 따로 당근 더 사도 될듯.
사막여우는 밀웜 먹여야되서 따로 팔아요(1,000원/1컵). 귀여워서 줄만함.
종종 올 거 같아요. 주렁주렁 다른 매력!"
93_6_3,93_6,93,3,"아이들이 넘 좋아하고 평일에 왔더니 사람이 없어서 편하게 관람하고 체험했어요ㅎㅎ
파충류관도 사장님이 친절하게 설명해주셔서 좋은 경험 햇습니다 ㅎㅎ"
93_6_4,93_6,93,4,"5세 딸래미랑 근처 물구리 카폐 갔다가 우연히 들렀는데 볼거리도 많고 먹이 주기 체험까지 알차게 놀다 왔어요. 가까이서 자유 롭게 돌아다니는 동물 친구들 덕분에 아이가 너무 즐거워 했어요 😆
여름에 방문 했는데도 냄새가 심하지 않고 관리가 잘되어 있는것 같아요. 일하시는 스텝분들도 다들 친절하시고 동물들 케어 하시는 마음들이 보기 좋았습니다 . 특히 파충류관에 계신 분이 친절하게 설명도 잘해주셔서 도마뱀 좋아하는 딸래미랑 덕분에 좋은 추억 쌓고 돌아가네요. 거북이 먹이 체험 꼭 해보셔요👍저희는 갑자기 방문한 거라 아무런 준비를 못해서 물놀이는 못했어요🥲 마지막 로봇 체험관에서 쿠루미 가면 만들기까지👏👏
돌아오는 길에 저희 딸 너무 재미있었다며 다음에 할머니 할아버지랑 또 오자고 하네요😊"
93_6_5,93_6,93,5,"아이들과 함께 즐기기 정말 좋은 공간이었고, 다양한 동물들과 교감할 수 있어서 너무 좋았어요 😊

🐐 동물 먹이 주기 체험

여러 동물들에게 직접 먹이를 줄 수 있었는데, 염소, 토끼, 기니피그까지!
아이들이 정말 좋아했고, 직접 먹이 주면서 동물들과 가까이서 교감할 수 있어 인상 깊었어요.

🤖 로봇 공연

예상보다 훨씬 퀄리티가 높았던 로봇 공연!
음악과 조명이 함께 어우러져 정말 멋졌고, 어린이뿐 아니라 어른들도 눈을 떼지 못했어요.
시간대별로 공연이 있어서 미리 확인하고 가면 좋을 것 같아요."
93_6_6,93_6,93,6,"제가 어릴 적 방문했던 쥬쥬랜드에 엄마가 되어 아이와 함께 방문했는데 너무 너무 행복한 하루였습니다!
아이도 너무 좋아하고 가족 나들이로 최고였습니다💛
바로 다시 6월에 다시 티켓 재구매도 했습니다!
직원분들도 다 너무 너무 친절하시고, 볼거리도 다양하네요! 앞으로도 자주 올게요!
행복한 추억을 만들어주셔서 감사합니다💛💛"
93_6_7,93_6,93,7,파충류관이 새로생겼서 좋았어요.😊그리고 동물원도 깔끔해서 더 좋아써요😊재방문할꺼에요😊
93_6_8,93_6,93,8,"아이들의 천국..
키즈카페 갈 필요가 없다
실내, 실외동물원에 로보트, 연못, 자잘한 공연 행사, 모래놀이, 작은 놀이기구까지…
아이의 웃음을 보며 나도 행복
수유실도 화장실도 깨끗하고 돗자리 깔 수 있는 평상도 있어서 좋았다"
93_6_9,93_6,93,9,주말인데 생각보다 사람이 없었네요. 크진 않은데 그냥저냥 괜찮음. 미니텐트치고 쉴공간도 있음. 새모이체험 재밌음.
93_6_10,93_6,93,10,아이들과 동물 구경도하고 재밌게 놀러가려고요!! ㅎㅎ 너무 좋아여
93_7_1,93_7,93,1,"여행과 비행기를 좋아하는 아이와 엄마에게 찰떡 콩떡같은 한국항공대학교 항공우주박물관 ✈️
우주박물관과 뮤지컬 그거 A300항공기 견학 패키지로 했는데 너무 만족스러운 관람이었습니다
뮤지컬 내용에 맞는 책도 준비되어 있어 센스 만점이더라구요 사실 집에 세계아이 전집이 집에 있어 아이와 즐겨보는데 뮤지컬장에서 다시 보게 되어 반가웠어요 항공기 설명도 너무 잘해주시고 어린이 유니폼 대여도 8000원으로 가격도 좋았어요 하지만 점심시간 무렵이었는데 식당이 마땅치 않아서 아쉬웠네요 아이가 또 가고 싶다고 하네요 :)"
93_7_2,93_7,93,2,전시공간은 심플했지만 항공기 체험은 초딩 아이들 들여보내기 좋았어요
93_7_3,93_7,93,3,"입장만해서 체험프로그램 하나도 안했는데
나중에 가면 체험프로그램으로 해야겠어요
아이들도 좋아합니다"
93_7_4,93_7,93,4,역사와 전통의 한국항공대학교 부설 항공우주박물관이고 전시 내용이 유익합니다. 연계된 체험 프로그램 특히 A300 항공기 내부 견학등이 특색 있습니다. 또한 맞은편 학생회관에 식단가 커피잔 저렴한 가격에 이용하기 편해요
93_7_5,93_7,93,5,"집 바로 앞이면서 처음 가보는곳 ^^
생각보다 유익했고 특히 A300이 최고였네요
점차 프로그램이 늘어서 한번방문으로 끝나는게 아닌
추가 방문을 하고싶은곳으로 바뀌었으면 좋겠습니다"
93_7_6,93_7,93,6,
93_7_7,93_7,93,7,
93_7_8,93_7,93,8,
93_7_9,93_7,93,9,
93_7_10,93_7,93,10,"a300 체험권 ✈️ 미리 인터파크에서 예약!
박물관 해설도 시간맞춰 들으니 좋았어요 💙"
93_7_11,93_7,93,11,아이랑 가기 좋아요
93_7_12,93_7,93,12,관리가 안되어 있네요. 먼지도 수북하고….
93_7_13,93_7,93,13,아이가 너무 좋아했어요
93_7_14,93_7,93,14,"박물관 열악함
1500원아깝"
93_7_15,93_7,93,15,아이 체험하기 좋았어요^^
93_7_16,93_7,93,16,"비행기 좋아하는 친구들 꼭가세요
5세 빠른생 부터는 아이들 집중 잘하는거 같아요
유익한 시간이었어요 ~~
사진도 잘나오고
승무원복도 입고
좋아여"
93_7_17,93_7,93,17,다른 리뷰처럼 최신 정보 업데이트 전혀 안되어있구요 박물관 내 할만한 시뮬레이션 전혀 없구요 그마저도 하나는 고장나있고 먼지쌓여있고 관리가 전혀 안되있는 느낌입니다. 입장료 천원 기름값도 아깝습니다. 시간낭비 돈낭비 하지마세요. 박물관 10분만에 나왔으니 말다한거죠. 그리고 입장료만큼 주차료를 부과합니다. 관람객이 거의 없는 이곳에 프론트에 알바생 3명이 잡담하느라 바쁘고 주차료에 대한 안내도 별도로 없습니다. 써붙여놓았는데 유심히 보지못한 관람객 탓을 하며 상당히 불친절하네요. 여태껏 방문한 박물관 중 최악입니다. 절대 가지마세요.
93_7_18,93_7,93,18,아이와 함께 시간보내기 좋아요~~
93_7_19,93_7,93,19,"박물관에서 주차할인권을 팔아서 구매했는데
차단기에서 할인권은 들어가지 않고,
호출도 안받고, 박물관은 전화도 안받고
기분좋게 끝내고 기분나쁘게 나가네요~"
93_7_20,93_7,93,20,더운 날이었지만 알차게 잘 봤어요
93_7_21,93_7,93,21,"아쉬운점은... 기념품을 제대로 판매 하지않고 있었다.....
그리고 해설은 유머감각과 센스 있는 사람으로 배치 해주시길.....너무 별로였음..."
93_7_22,93_7,93,22,좋아요 체험내용이 알차요
93_7_23,93_7,93,23,굿
93_7_24,93_7,93,24,낡았는데 입장료받는건 좀... 무료퀄리티인데
93_7_25,93_7,93,25,"유익한 시간이었습니다~ 진짜로 운행했던 비행기를 대학측에서 기부받아 대학내 있는데 별다른건없지만 비행기 존재자체로 사진찍기 좋을것같아요. 체험패키지를 신청하면 직접 그 비행기 내부를 투어시켜주십니다~
설명을 재미있게 잘 해주셔서 좋았습니다~
비행기 내부에서 일어나는 신호들이 다 뜻이있었더라는,,,, 허허,,여행다닐때는 막다녔다는걸 알았네요~
조종석도 멀찍이지만 봐보고
기내식준비하는곳도 보고 스튜어디어스의자에도 앉아보고 아이가 엄청 좋아했답니다.
특히, 카트,카트를 엄청,,,, 가장 신기했던건 비행기문을 직접 열어본게되겠네요! 솔직히 언제 열어보겠어요. 풀패키지하시면 '어린이조종사자격증'이라는 카드를 만들 수 있는데 애기들 추억기념용으로 좋아요!"
93_7_26,93_7,93,26,무료개방해도 될듯한 퀄리티네요
93_7_27,93_7,93,27,비행기에 빠진 9살 아들과 방문했어요. 실제 비행기 설명 및 사진촬영까지 했는데 아이가 좋아해요. 예약이 풀이라 체험은 못할 줄 알았는데 직전에 수시로 들어가보니 빈자리있어서 바로 겟했어요
93_7_28,93_7,93,28,"너무 유익한 시간이였어요
비행기에 대해서 배우고 직접 체험까지!!
아이도 완젼 재밌었대요"
93_7_29,93_7,93,29,굳
93_7_30,93_7,93,30,좋아요
93_8_1,93_8,93,1,"북한산 숨은벽 능선 ⛰️

밤골공원지킴터 _ 해골바위 _ 설교벽/인수봉 _ 백운대 _ 북한산성탐방지원센터
7.3km

북한산 코스중에 가장 좋아하는 길 😁

숨은벽이라는 말이 딱 어울리게 커다란 바위타고 가서 계곡따라 하산하며 여러가지 풍경을 한 번에 볼 수 있어 좋아요.
사진 포인트도 많고 대도심에 이런 곳이 싶게 매력적이고 정상도 다 내려다 볼 수 있게 빵 뚫린 조망이 멋있습니다.

멀어서 자주 못가지만 ㅠ
다른 코스도 다 가보고 싶네요 ㅋㅋㅋㅋㅋ"
93_8_2,93_8,93,2,"북한산
원효봉~노적봉 전망대에서 서암사까지
산성계곡 무장애탐방로 포함 산보하고 왔습니다

날씨 좋아 시야가 확 트이고
투명하게 흐르는 계곡물은 기분을 청량하게 하네요

북한산 온천물에 몸을 맑게하고
북한산 계곡물 소리에 귀를 청아하게 하고
북한산 산바람에 시원하게 주말 시작합니다"
93_8_3,93_8,93,3,"아름다운 계절, 아름다운 북한산을 담을 수 있어 행복한 날이었습니다. 각자의 속도대로, 각자의 행복을 찾아 걷는 길이지만 타인을 배려하는 문화도 조금은 필요해보입니다."
93_8_4,93_8,93,4,"서울 근교에서 인기 좋은 북한산에 다녀왔습니다.
주말에 방문했지만 아침 일찍 방문해서 주차장에 주차하고 등산할 수 있었습니다.

전에는 북한산으로 올라가서 능선을 타고 도봉산으로 내려오곤 했었는데 이제는 힘이 들더라고요.
날은 아직 추웠지만 올라가면서 땀 흘리고 하니 정말 기분 좋았습니다.

낮 시간에 가면 사람이 많고 주차하기도 힘드니 이른 아침에 방문하시는 걸 추천해 드립니다.

감사합니다."
93_8_5,93_8,93,5,북한산 불광역>쪽두리봉>향로봉>비봉>사모바위>승가사 코스 4시간 정도 입니다. 멋진 바위도 많고 경치도 너무 좋네요.
93_8_6,93_8,93,6,"한반도 서부, 서울과 경기도 북부에 솟아있는 
명산으로 높이는 835.6m로 서울시 주변에서 
가장 높으며, 주봉인 백운대를 중심으로 북쪽 인수봉과 남쪽 만경대의 3봉이 삼각형으로 놓여 있어 삼각산이라고도 합니다
북서쪽 능선에는 조선 숙종대에 쌓은 북한산성이 
있으며, 대동문·대서문·대남문·대성문·보국문 등이 
남아있고 화계사를 비롯해 유서 깊은 사찰들과 많은 
유물·유적이 있습니다
1983년 북한산과 도봉산 일대가 북한산 국립공원으로 지정되었습니다"
93_8_7,93_8,93,7,"한국인이 좋아하는 산, 북한산
오늘 보니 세계인이 좋아하는 산이다
대박 많다, 외국인!!
대단히 감사하다

백운대 정상까지는 무리라
얼굴(스핑크스)&오리바위만
눈도장 찍고 냅다 내려온다 ㅜ
5월 초라 얍봤나부다
얼음물까지 준비해 올라왔는데
살포시 내린 비와 강한 바람이 초겨울이다 🥶
가방에 넣어뒀던 조끼 아니었음 입 돌아갔다 ㅜ
: 정상으로 올라갈 수록 대단히 추워요, 옷 챙기세요!

북한산성탐방지원센터-서암사(대서문X)-보리사-
개연폭포-대동사-약수암쉼터-백순봉암문하단-얼굴바위
등산 3시 30분+하산 1시 30분=총 5시간 ㅜ😭

다음에도 갈 수 있을
삐걱거리지 않는 무릎, 튼튼한 두다리이길..
앗, 강력하고 긴 호흡도 바래본다"
93_8_8,93_8,93,8,"북한산 돼지집에 백숙먹으면서
계곡에서 물놀이하려고 했는데
계곡출입금지ㅠㅜㅜㅜㅜㅜ🚫"
93_8_9,93_8,93,9,북한산 의상능선 재미있습니다.
93_8_10,93_8,93,10,"북한산 백운대 등산코스 난이도

① 북한산성탐방지원센터 출발/복귀 기준
백운대 최단코스 왕복 8km, 5시간 소요
백운대 난이도는 ★★★★☆

② 가파른 바위구간과 암릉 로프구간이 있어
장갑 및 등산화, 등산스틱 구비 추천

③ 북한산 러브버그 실시간?
산행일 5월 31일 기준 러브버그 출몰은 아직
북한산 러브버그는 6월 말 출몰 예정

④ 북한산성탐방지원센터 따릉이 이용 시
따릉이 992번 북한산입구 정류장 이용

자세한 영상은 '아빠! 또 산가?' 유튜브 채널을 확인해주세요"
93_8_11,93_8,93,11,#북한산 #의상봉능성 #wow
93_8_12,93_8,93,12,"도심에 이런 산이 있다는게 감사할 따름입니다.
비온 뒤 북한산의 운무가 장관입니다."
93_8_13,93_8,93,13,"완전한 여름이 오기전 지금 날씨에 등산하기 좋은 북한산입니다😊
북한산성탐방지원센터 코스는 아이와 함께 걷기에도 좋은 곳으로 백운대까지는 못가지만, 북한동 역사관까지는 길이 좋아 충분히 갈 수 있어요.
이번 주말 날씨 좋아서 자연과 숲, 곤충 공부 많이하고 왔어요.

다음에는 백운대까지 도전해봐야겠어요~!"
93_8_14,93_8,93,14,"초보등린이의 '의상능선⛰️ + 9성문 + 백운대' 산행.
등린이 극 비추천 코스. 단, 성취감 MAX.

1. 코스
북한산성제2주차장-의상봉-용출봉-용혈봉-증취봉-부왕동암문-나한봉-청수동암문-문수봉-대남문-대성문-보국문-대동문-용암문-백운봉암문-백운대-대동사길 하산

2. 소요시간
아침 6시 시작. 오후 3시반 하산.
휴식시간 포함 9시간 반.

3. 준비물
얇은 장갑(의상능선 완전 필수)
스틱(없으면 무릎 완전 아작, 있으면 조금 아작)
등산화. 모자.
500ml 생수 최소 3병 이상.

4. 특이사항
등린이는 이틀간 무릎 통증 확실.
오르락 내리락 반복 멘탈 붕괴.
나한봉 도착 했을 때 과연 내가 할 수 있는건가 의구심.
하산길이 생각보다 험하고 매우 김.
주차장 9시간 이상 13,000원."
93_8_15,93_8,93,15,"요즘 날씨가 좋아 매주 방문하고 있는 북한산입니다.
주차장에 주차하고 물한병 들고 아이와 가볍게 산책하기 좋아요😎
북한동역사관까지 왕복으로 여유있게 2시간 정도 걸으면 적당히 땀흘리고 다녀올 수 있습니다.
아이와 곤충, 식물, 나무 관찰하기 정말 좋아요.
올라갈때 내려올때 다른코스로 와서 지루하지도 않아요 👍"
93_8_16,93_8,93,16,"정상은 2시간에 가고, 내려오는데 4시간 걸렸다🫠"
93_8_17,93_8,93,17,"북한산 국립공원 다녀왔어요.
백운대 올라가는 길은 힘들지만 공기도 좋고 경치도 좋아서 잘 다녀왔어요.
화장실도 잘 되어 있어서 넘넘 좋네요.
서울 시내가 한눈에 내려다 보여서 전망이 좋아요.
북한산 국립공원 꼭 한번 올라가보세요^^"
93_8_18,93_8,93,18,"북한산.
기자능선,향림당,장미공원으로 트레킹을 다녀왔다.
청명한 하늘을 보여주고 차가운 공기를 마시며 멋진 뷰를 보고 왔다.
항상 좋은 북한산이다."
93_8_19,93_8,93,19,"날씨 좋은 날, 춥지도 않은 날에 북한산 트레킹을 다녀왔다.
국녕사와 능선을 오르내리며 철봉과 바위를 타는 맛이 일품이다.

더구나, 날씨가 매우 좋아 멋진 뷰를 한껏 뽐내주었다!

서울근교에 멋진 산들이 있어 참 좋다!"
93_8_20,93_8,93,20,"쾌청한 가을날씨의 북한산은 에너지가 충만한 느낌이예요. 외국인 등산객 역시 많고요, 정상석 인증 줄이 용암문까지 서있었다니 놀랍군요. 두 시간 이상ㅋㅋ 꼭 방한의류 준비 해 가셔야해요. 기다리면 땀이식어서 춥습니다. 이제부터 산에갈땐 꼭! 보온의류 준비하기!! 단풍은 거의 떨어져갑니다-"
93_8_21,93_8,93,21,"서울시내가 한눈에 보이는 북한산!
삼송 지축에서는 창릉천과 오금천에서 산책하면서도 볼 수 있어요.

특히 겨울에 눈이 오면 더 멋있는것 같고 북한산성 등산코스로 백운대 오르는 코스도 좋아요.
요즘 같이 맑은 날씨에 오르면 정말 상쾌한 느낌이에요."
93_8_22,93_8,93,22,등산하기 좋아요
93_8_23,93_8,93,23,북한산의 녹음이란..
93_8_24,93_8,93,24,"북한산 백운대 올라가는길 🍁 단풍도 잘 되있고 경치도 좋아용💕 하지만 최단코스라 그런지 생각보다 가파르고.... 산악등반 느낌이 들 정도에요.... 오늘은 ⛅ 구름이 많이 있어서 백운대 정상 올라보니 정경이 안개때문에 잘 안보여서 아쉬웠지만 성취감 만족👍

Feat. 어르신분들이나 거동이 불편하신분은 북한산 백운대 올라갈때 최단코스 비추! 최단코스는 젊고 건강하고 체력좋은 분들 가시는걸 추천합니다! 등반할때 미끄럽지 않게 조심하세요!"
93_8_25,93_8,93,25,"서울에서 가장 높은 곳인 북한산 정상을 찍고 내려왔습니다. 평상시엔 관악산을 주로 많이 가는 편이라서 이곳은 그에 비해 좀 더 높은 곳이라 조금 더 재미있게 등산을 할 수가 있었습니다.

정상에 오르면 좀 더 높이 올라간만큼 보여주는 광경 역시 더욱 더 아름답고 멋진 것 같습니다. 상대적으로 인적도 좀 더 드문 편이라서 자연 보전도 더 잘되어 있는 것 같네요.

입산하기 전에 좋은 카페들과 맛있는 음식점들이 즐비해있어서 유혹을 참기가 쉽지 않습니다. 내려와서 즐기면 좋을 것 같습니다."
93_8_26,93_8,93,26,1.1일 맞이 등산 사람이 많아서 정상부근에서 좀걸렷지만 뷰가 아주 끝내줫어요 한번쯤다녀오시는거 추천드립니다
93_8_27,93_8,93,27,"항상 오는 곳 이지만
올때마다 좋아요"
93_8_28,93_8,93,28,북한산 차마고도길 산행중 동영상 찍었어요
93_8_29,93_8,93,29,"북한산 오봉코스 송추계곡 단풍

● 가을단풍명소 송추계곡
도봉산 북한산 오봉코스 산행거리는 약 10km
소요시간은 5시간 내외

미스터반이 생각하는
난이도는 ★★★☆☆

● 송추계곡 주차장
송추 주차장을 이용
주말/성수기 기준 주차요금은 5,000원

● 체력적으로 부담된다면?
여성봉까지만 오르고 내려오시는 것도 방법

● 북한산 단풍만 구경하신다면?
송추분소에서 사패능선 갈림길까지
약 2km구간 걸어보시는 것도 방법

자세한 내용은 '아빠! 또 산가?' 블로그/유튜브 채널을 참고해주세요.

감사합니다"
93_8_30,93_8,93,30,너무 예쁜 북한산 단풍^^ 해가 쨍! 할때 빛나는 단풍을 즐겨보세요^^ 산 위는 갑자기 훅 추워지기도 하니까 꼭 방한의류 챙겨가시고요. 저도 솜잠바 가져가서 입었답니다^^
93_9_1,93_9,93,1,"#고양가볼만한곳 #아이와가볼만한곳 #데이캠파크

여름휴가 마지막일정으로 선택한
고양 데이캠파크~

야외 수영장, 실내 수영장과 실내 키즈카페까지~
아이들이 좋아하는 시설들이 한 곳에 모인
데이캠 파크!!
하루 종일 아이들이 맘편히 놀 수 있는곳
정말 좋네요~"
93_9_2,93_9,93,2,"아이와 함께 방문했는데 실내 1,2층 다양한 놀이시설 뿐만 아니라 에어바운서 슬라임 야외 수영장 지하실내 수영장까지 오픈런해서 바베큐까지하고 저녁까지 아주 신나게 놀았습니다
화장실이랑 샤워장도 너무 깨끗하게 관리되어있고 직원분들도 모두 너무 친절해요
폭염만 빼면 완벽 합니다"
93_9_3,93_9,93,3,"데이캠파크에서 정말 즐거운 시간 보냈어요!!
두돌 지난 아기랑 방문했는데 오픈부터 마감까지 즐겁게 놀았습니다. 실내에는 아이들이 좋아할 만한 색감의 장난감들이 많아요~~실외는 에어바운스, 눈썰매, 물놀이 등이 있어서 색다른 신체활동을 듬뿍 했습니다.
아이도 캠핑 키즈카페 다음테 또 오자고 계속 얘기하네요. 다음에 또 놀러올게요~
사장님 적게 일하시고 돈 많이 버세요♡"
93_9_4,93_9,93,4,"너무 좋네요 미리 예약하고 와서 붐비지도 않고
실내 실외 놀거리도 가득해요
사진 찍을 곳도 많아서 좋고 사진이 잘 나와요
아이와 함께 가기 너무 좋고 스태프 분들 정말 친절하시네요
작은 이벤트들도 마음에 들어요"
93_9_5,93_9,93,5,처음와봤는데 아이들이 너무 좋아해요 ㅎㅎ 쾌적하고 놀거많고 신나하네요 ^^ 재방문의사 있어용!!
93_9_6,93_9,93,6,"오늘 친목모임으로 모였는데 장소도 넓고 아이들도 좋아하네요.
다양한 놀이 장난감등도 많아 다음에 또 오고 싶네요"
93_9_7,93_9,93,7,아이들과 날이 좋아서 놀러왔어요~ 두팀 이상 같이 와서 놀기 너무 좋아요~ 바베큐도 할 수 있고 하루 종일 놀수있는게 가장큰 장점같아요! 에어바운스 너무 좋아합니다😀
93_9_8,93_9,93,8,아이들이랑 오랜만에 놀러나왔는데 캠핑 분위기도 내면서 아이들 신나게 뛰어놀 수 있어서 너무 좋네요!!!
93_9_9,93_9,93,9,"사진이 넘 이쁘게 잘나오고 너무 친절해요^^
아가들이 너무 좋아해서 너무 즐겁게 놀았어요
음식도 맘데로 가져갈수있고 시킬수 있어 넘 좋아요
또 올께요 ~~^^"
93_9_10,93_9,93,10,"날씨좋은날 왔더니 사진이 너무 잘나와요!!
하루종일 놀아도 아이들이 너무 신나게 놀아서 아이들과 오기 너무 좋네요!!!
직원분들도 친절하고 또올 예정입니다 👍👍"
93_9_11,93_9,93,11,"아기친구들하구 왔는데 노을지는 뷰 너무이쁘고 사진도 잘나와요 애기랑 다음에두 재방하구싶어요 친절하시구, 아기들이 진짜 너무만족해서 좋았습니당"
93_9_12,93_9,93,12,아이들과 방문 해서 즐거운 시간 보냈습니다~좋습니다~
93_9_13,93_9,93,13,너무너무너무 깔끔하고 제가가본 곳중에 최고에요
93_9_14,93_9,93,14,아이들과 친목 도모로 아이친구랑 같이 왔음돠 이런 연휴에 즐겁게 즐길 장소 찾고 있다면 와 보면 좋을 것 같아요~~^^
93_9_15,93_9,93,15,데이캠파크 애들데리고왔는데 이런곳을 이제알게되다니 하루종일 잘 놀다갑니당😊
93_9_16,93_9,93,16,"가족, 지인분들과 좋은 시간 보내고 갑니다"
93_9_17,93_9,93,17,오늘첫 방문인데 친구들이랑 완전 좋은 시간 보내고 가요
93_9_18,93_9,93,18,
93_9_19,93_9,93,19,
93_9_20,93_9,93,20,"겨울에 갔는데도 너무 좋았어요.
1.주차장 있음 (무료)
2.야외+실내(1.2층 지하층) 놀이시설 엄청 많음
1층 - 볼풀장, 낚시놀이, 미끄럼틀, 블럭놀이, 샌드아트, 미디어 게임, 이글루, 놀이기구등
2층 - 역할놀이존 + 에어바운스존
지하 - 온수수영장 + 도로놀이 + 실내놀이터+ 코인노래방 등
하루종일 놀아도 질리지 않고 놀 수 있어요.
3. 자리를 예약할 수 있어서 신나게 놀다가 편히 먹고 쉴 수 있어 좋아요.
배달음식가능, 외부음식반입가능, 매점도있음!
4.주말에 산타파티 하는데 너무 신나고 재밌고 선물도 받아서 더 좋은 추억이었어요.

실내에서 캠크닉 느낌으로 놀고 먹을 수 있어서
편하게 쉬면서 놀았어요 :)
아이들도 너무 좋아했고 직원분들도 친절하셨어요
또 가고싶어요!!"
93_9_21,93_9,93,21,조아요
93_9_22,93_9,93,22,"육아 동지드리랑20명단체

주말 예약해서 너무 즐거워써요~~

사장님도 너무 좋아요

깨끗하고 너무 친절하셔서 행복한 주말 보내고

갑니다♡"
93_9_23,93_9,93,23,이런좋은곳이있다니 세상행복해요 조리원동기들 삼삼오오 모이기좋아요 4-7세 강추!!!
93_9_24,93_9,93,24,아이와 함께놀기 정말 좋은 장소입니다~~! 추천!
93_10_1,93_10,93,1,"피자만들기 체험, 난타체험, 알파카랑 토끼, 잉어구경 등 다양하게 놀고 오기 좋아요!"
93_10_2,93_10,93,2,"캠핑시 가장 부피가 크다고 할수있는
텐트.테이블.의자가 무료대여라는 가장 큰 이점이 있음
이벤트 중이어서 인스타.카톡 등록하면 음료쿠폰을 주시는데
현장음료 아무거나 먹을수 있어 개이득임 ㅋㅋ
인당 만원이긴 하지만 인근 타 캠크닉장소에 비해
굉장히 저렴한 가격임
조금 낙후되었다고 느낄수 있지만 컨셉이 시골감성이라
그정도는 충분히 감안할수 있다고 봄
고기한판 구어먹고 소소하게 구경거리가 있음
아이들이 좋아하는 모래놀이, 레고놀이가 있고
알파카, 토끼, 잉어가 있어서 소소한 눈요기 가능함
날이 조금 더 따뜻해지면 준비 잘해서 재방문 예정임"
93_10_3,93_10,93,3,"가성비좋고,텐트 테이블 의자 무료대여 음식싸서갈수있고,아이들체험할것도 많아서.넘좋아요
여름에도올거예요~수영장시설이좋더라구요^^"
93_10_4,93_10,93,4,사람이 붐비지 않을때 가서 더 좋았어요. 시설은 낡았지만 관리가 잘 되고 있다고 생각해요~ 너무 더워지기 전에 또 가고 싶네요~~
93_10_5,93_10,93,5,"썰매타러갔는데 즐길거리많아서 이것저것 체험 많이하고 왔어요 썰매도 재밌게탔어요 안전관리원도 많이 배치 하셔서 안전하게 썰매탔어요
빙어잡기 물고기구경 솜타상 만들기 했는데 아이가 너무 좋아했네요 ^^"
93_10_6,93_10,93,6,"아이가 체험할 거리가 많아요
낡긴 했는데 캠핑장비도 입장료에 포함이라 좋습니다~
체험은 물고기 잡기 딸기따기 피자만들기 등등
추가요금 있지만 한 곳에서 하는 것도 좋고
수영장 자리에서 자전거 등 탈 수 있는데
거의 고장난 거지만 아이들은 엄청 잘 놀더라구요"
93_10_7,93_10,93,7,좋아요! 시설관리만 되어있음 더더더 좋을것같아요^^ 실내캠크닉은 예약해야해오! 입장권예매 말구 예약!!!! 모두 예약하고 가세요!!!! 꼭!!!
93_10_8,93_10,93,8,"아이와 가서 딸기아이스크림만들기체험
등등하구옴
캠핑하러온사람이 많은가같은데
관리가 잘안되구있는느낌이드는곳이었습니다ㅠㅠ"
93_10_9,93_10,93,9,"모래놀이, 작은 동물원, 식물원, 민속박물관, 숲놀이터 많은 체험등 아이들이 놀게 많아서 참 좋았어요."
93_10_10,93_10,93,10,"겨울에 아이랑 가기 딱 좋은 곳♡

주말에 아이랑 눈썰매타러 놀러 왔어요
피자만들기 체험하면서 점심도 맛있게 먹고
공놀이랑 모래놀이까지 알차게 보냈네요!!

아이가 집에 돌아오는 길에 더 놀자며 아쉬워했어요
다음번에는 다른체험 하러 또 놀러가려고요~~"
93_10_11,93_10,93,11,"석가탄신일에 방문 ㅋ
비가 와서 아쉬웠지만 잘 놀고 옴 ㅋㅋ"
93_10_12,93_10,93,12,"첫방문이였지만
알차게 잘 놀다 왔어요.
단 매점쪽엔 떡볶이 이모님과
아이스크림 만들기체험쪽 직원빼고
전부 너무 불친절이라 기분이 좋진않더라구요."
93_10_13,93_10,93,13,"너무 좋아요~왜 이제서야 알게된건지ㅠㅠ
조금 더 빨리 알았더라면 더 자주 갔을거예요~
정말 최고예요^^ 다음주에 또 갈거예요^^♡♡♡♡"
93_10_14,93_10,93,14,"비용 부담없이 어린 아이들과 주말을 보내기
참 좋은 것 같아요! 다만, 캠핑시 필요한
것들이나 대여 가능한 품목에 대한 좀 더
자세한 설명과 '배다골' 검색시 캠핑 관련
공지가 바로 눈에 띈다면 이용하기 더
편리할 것 같습니다. 오늘도 버너가
있는데 무료대여로 잘못 알고 오신 분의
탄성을 들었습니다."
93_10_15,93_10,93,15,"서울근교에서 캠핑 느낌 낼수 있어 좋습니다.
올 설에 가족들과 좋은 시간 보내고 왔습니다."
93_10_16,93_10,93,16,"영유아 아이들과 나들이겸 첫 방문기 입니다.
비성수기라 9시30분 도착해서 30분대기후 바로 5번째정도로 입장했어요! 성수기땐 어떨지 모르겠지만 원하는 텐트에 자리 잡았고 다들 중요시 여기부분이 어떤거에 따라 명당이 될것 같아요! 그리고 오전. 오후 햇빛 위치가 달라져서 저희 애들 낮잠땐 텐트 안이 덥더라고요.... 미니 선풍기 필수로 챙겨야해요! 아이스박스도 물론이고요.
체험할거 많긴한데 다 하기엔 힘들고요. ㅋㅋㅋ 애들이 좋아하는 아이스크림 만들기가 시원하고 맛나고 좋았답니다. 단지 퇴장시간이 5시라는게 아쉬워요.... 대여물품은 4시까지 반납이고요. 너무 순삭이었어요"
93_10_17,93_10,93,17,언제나 놀거리가 많아서 최고에요!!
93_10_18,93_10,93,18,진짜 쓰레기에요... 진짜울고싶었어요 다 폐장된곳같고 이걸 돈주고 들어간다고? 할정도로 관리도 안되고 하는것도없고 체험하는건 다 돈내야되고 들어가자마자 환불받고싶었어요 진짜로 ㅠㅠ 지금도 후회되고 돈아깝고 억울해요
93_10_19,93_10,93,19,"규모크지만 폐허처럼 관리가 전혀 안되고있어요. 빌려주는 물건, 제공되는 텐트 모두 더럽고 낡아서 쓰기 꺼림칙했어요. 저렴하지만 돈받는 시설인데 이렇게 관리안하고 장사하는거 신기하네요. 미꾸라지 잡기 체험장엔 시체가 가득한데 체험비 5천원 붙여놓고 그대로 방치해서 냄새나고 애들이 볼까봐 불쾌했어요. 시설물도 부러지고 까져있어서 위험한곳 많았고 다시 안가고싶어요."
93_10_20,93_10,93,20,큰 기대없이 가볍게 가기 좋아요 제일 키큰 알파카가 침뱉어서 기분나빴어요 원래 알파카는 침뱉는 동물이라지만 조심하세요 음식들은 전체적으로 무난해요 음료는 그냥 그랬어요 딸기퐁듀 체험했는데 직원분이 친절하셔서 좋았어요 그저 딸기에 초콜릿 묻히고 데코용 초코를 뿌리는 게 다였지만 아이가 좋아했어요
93_10_21,93_10,93,21,아이와 가기 좋아요. 주말 썰매 대기가 좀 있긴 하지만 아기가 너무 좋아하네요. 여러가지 체험이 많은데 빙어체험을 했어요.
93_10_22,93_10,93,22,최고에요❤️ 아이들이랑 이렇게 저렴한 가격에 놀수있다니 최고에요. 다음에 또 갈거예요. 단체모임으로도 좋아요. 여름 수영장도 좋지만 겨울 눈썰매장도 좋아요
93_10_23,93_10,93,23,"시설이 많이 노후되서 보수만 된다면 좋을 것 같아요. 무박캠핑하기 좋네요. 시기가 맞지않아 원하는 프로그램을 못했지만, 그래도 할만한 프로그램 찾아가며 시간보내니 아이가 좋아했습니다."
93_10_24,93_10,93,24,"미취학 아동 두명 데리고 나름 저렴한 가격으로 다녀왔습니다. 부지는 매우 큰데 겨울이라 그런가 사용할 수 있는 시설에 매우 제한적이었습니다.
저희가 논 시설은 입구 근처에 있는 모래놀이, 식당 맞은편 제기차기 2분, 잉어 구경 10분, 축구장 옆 다리 놀이터 반시간, 식당에서 점심 후 민속 박물관 구경 후 귀가.
날씨 때문인지 엄청 한가했구요 식당도 1-2테이블 밖에는 없었습니다. 새우튀김 우동은 정말 평균 이하였지만 군고구마는 매우매우 맛났습니다.
전반적으로 시설은 많으나 관리안되는 시설 혹은 사용할 수 없는 시설들이 너무 많습니다. 아마 너무 커서 그렇지 않나 싶긴한데 약간 아쉬운 건 어쩔 수 없네요."
93_10_25,93_10,93,25,"기대 이하였던 곳이예요.
장난감 관리며 화장실관리 부분 아쉬웠어요.
모래놀이터에 있는 장난감도 다양하지 않았고 방방이는 사용금지.. 수영장에 있는 자동차 상태도 별로였습니다. 입장료가 아깝더라구요.. 넓긴 했지만 쾌적하지 않았어요. 수영장 오픈하면 다를까요? 마지막 체험한 난타체험은 좋았어요. 재방문은 하지 않을 것 같아요."
93_10_26,93_10,93,26,이사가다 들었는데. 갈만해요
93_10_27,93_10,93,27,눈썰매를 아이가 정말 좋아하네요. 눈썰매 타다 매점가서 돈까스 과자 아이스크림 먹고 빙어 체험 해보고 바로 튀겨서 먹고 빈텐트에 들어가서 낮잠도 자고 아이들이 매우 즐겁게 보낸 하루였습니다. 집에 오자마자 다시 또 가자고 조르넹ᆢ.
93_10_28,93_10,93,28,친구네 가족과 함께가서 즐거운시간 보내고 왔습니다.
93_10_29,93_10,93,29,"시설이 오래되어서 좀 그랬는데
화장실 관리만 조금더 신경써주시면 될 것 같아요"
93_10_30,93_10,93,30,⭐️⭐️⭐️⭐️⭐️
93_11_1,93_11,93,1,Great activity for kids and adults. Very well explained. We had a great time and learned a lot. highly recommended. ❤️👏
93_11_2,93_11,93,2,
93_11_3,93_11,93,3,"아이와 체험학습하기 좋아요.
만들기 좋아하는분이라면 누구든 대만족할거예요.
미리 예약하고 갈수있으니 더 좋아요.
관장님과 직원분 설명 잘해주셔서 유익했어요."
93_11_4,93_11,93,4,"미리 방문 전화드리고 예약 없이 왔는데, 친절하고 체험도 재미있었어요. 박물관이 조금 작아서 아쉽네요."
93_11_5,93_11,93,5,
93_11_6,93_11,93,6,도슨트 선생님의 친절한 설명과 다양한 체험을 접할 수 있게 해주셔서 유익한 시간이었어요~
93_11_7,93_11,93,7,"★★★⭐︎⭐︎
직원분이 안내 및 설명을 굉장히 친절히 잘 해주십니다.
체험도 있어서 성인보다는 아이들과 함께 가는게 유익할듯 합니다. 👧✨"
93_11_8,93_11,93,8,조아요
93_11_9,93_11,93,9,"7세 아이가 너무 좋았다고 하네요.
아이 눈높이에 맞게 재미있고 따뜻하게
설명해 주신 오지연 선생님 감사했습니다!
아이가 전래동화 열심히 읽고
또 간다고 합니다^^
직접 만든 손거울 손에서 놓질 않네요~"
93_11_10,93_11,93,10,자개 팔각 소반 체험 재미있고 체험 키트도 좋았어요
93_11_11,93_11,93,11,설명도 잘해주고 친절해요
93_13_1,93_13,93,1,"서삼릉방문
ㅡ희릉ㅡ효릉ㅡ예릉ㅡ
의령원과효창원 ㅡ서삼릉태실
서삼릉 처음 방문해서 관람했습니다."
93_13_2,93_13,93,2,고양 서삼릉 조선왕릉 관람 잘 하였습니다 붐비지도 않고 산책하기에 날씨도 따뜻해서 좋아요
93_13_3,93_13,93,3,맛있어요
93_13_4,93_13,93,4,"소경원을 못보는게 다소 아쉬웠지만, 렌츠런팜과 묶어서 산책하면 날씨 좋을 때 걷기 좋네요. 아이와 함께해도 좋습니다."
93_13_5,93_13,93,5,맛있어요
93_13_6,93_13,93,6,서삼릉 산책하기 넘 좋네요
93_13_7,93_13,93,7,"규모가 크지 않은데 사람은 많다.
대중교통으로 가기 힘들어서 차를 가져가야 하는데 여긴 주차장이 너무 좁아 그냥… 없다고 보면 된다.
주말엔 사람이 많으니 주차 지옥…😈
릉을 산책하고 싶다면 주말엔 이곳 삼릉을 피하는 것이 좋다."
93_13_8,93_13,93,8,"한적하고 산책하기 좋으네요.
주변 식당도 좋아요"
93_13_9,93_13,93,9,산책좋아요
93_13_10,93_13,93,10,산책하비 좋으네요~
93_13_11,93_13,93,11,
93_13_12,93_13,93,12,굿
93_13_13,93_13,93,13,조아요
93_13_14,93_13,93,14,뷰가 엄청 좋고 한적해서 좋아요
93_13_15,93_13,93,15,ㅎ
93_13_16,93_13,93,16,"쭈꾸미 , 코다리 맛 괜찮아요!"
93_13_17,93_13,93,17,굿
93_13_18,93_13,93,18,ㅇㅋ
93_13_19,93_13,93,19,한적하고 좋아요.
93_13_20,93_13,93,20,"서삼릉은 희릉, 예릉, 효창원, 의령원 만 자유관람 구간으로 규모가 작아서 20분이면 다 둘러볼 수 있습니다. 나머지 구간은 일반인은 못 가는 구간과 예약해야만 가 볼 수 있는 곳으로 나뉘어 있습니다. 참고로 다둥이카드로 고궁, 왕릉 무료입장 가능합니다."
93_13_21,93_13,93,21,조용하게 방문하기 좋은 곳
93_13_22,93_13,93,22,조용하고 좋네요.
93_13_23,93_13,93,23,서삼릉 산책 갔다가 옆 종마공원 유유히 풀뜯고 있는 말을 보았어요 산책하기좋고 마음에 안정을 찾을수 있는 곳이에요 다녀와보세요...좋습니다
93_13_24,93_13,93,24,서삼릉 서울과 가깝지만 대중교통은 잘 안되어있어요 원흥역에서 걸어서 갔는데 좀 멀어요 주변 농협대학도 걷기에 괜찮아요
93_13_25,93_13,93,25,역사를 읽어 주는 공간이였어요
93_13_26,93_13,93,26,
93_13_27,93_13,93,27,한식부페좋아요.
93_13_28,93_13,93,28,한식부페좋아요.
93_13_29,93_13,93,29,
93_13_30,93_13,93,30,가격짱
93_15_1,93_15,93,1,"오랜만에 방문합니다.
별도에 입장료는 없고 주말이라 사람이 많아요. 도시락 싸서 피크닉 오기도 좋고 간단하게 산책 겸 걷기에도 좋습니다. 이전 방문보다 말들이 많이 안 보여 아쉽지만 탁 트인 풍경은 정말 좋습니다. 안쪽에는 화장실이 없으니 입구쪽에서 다녀오셔야 합니다. 어린이(13세 미만)와 방문, sns에 사진 업로드시 말인형을 주는 이벤트를 하고 있어요. 아이와 방문시 참여해 보시기 바랍니다. 월,화는 휴일이니 방문시 참고하세요.
그리고 햇살이 뜨거우니 우산,양산은 꼭 챙기세요.
다만 서삼릉과 붙어 있어 주차장이 협소해 주차가 쉽지는 않아요. 이른 방문 추천합니다.
잘 보고 잘 쉬다 갑니다."
93_15_2,93_15,93,2,"산책 겸 아이들과 시간을 보내기위해 찾은곳인데 이렇게 잘 되어있을 줄은 몰랐어요^ ^
근교에 이런 뻥뚫린 힐링스팟이 있을 줄이야 💚
다음번올땐 돗자리와 도시락 싸가지고 여유있게 즐기다 가야겠어요 ^ ^"
93_15_3,93_15,93,3,무료입장이고 산책로가 잘 되어있어서 좋습니다. 아이들 있는 집이라면 유모차 끌기에도 괜찮은 것 같습니다. 주차장은 많이 협소합니다.
93_15_4,93_15,93,4,조카와 아이랑 산책하며 놀며 쉬기 좋아요~~
93_15_5,93_15,93,5,날씨도 좋고 한적하게 말도 볼 수 있는 공간이라 좋았습니다. 그런데 관람을 마치고 정확히 5시에 3살짜리 아기가 문앞에서 킥보드를 타다 우연히 정문으로 들어갔는데 경비아저씨가 소리를 치면서 나가라고 하셔서 아이도 울고 저도 너무 깜짝 놀랐습니다 어른에게 그러는 것도 기분이 나쁜데 아무것도 모르는 아이한테 그런식으로 대하시는것은 좀 실망스러웠습니다
93_15_6,93_15,93,6,"목가적인 풍경🌳 가을단풍🍁 피크닉 🧺즐길 수 있는 곳

제주도가 아닌‼️‼️ 서울에서 1시간만 가면 되는 곳이니
추워지기 전에 다녀와보세요~🤩

이곳은 한국 마사회가 말을 관리하기 위해 운영하는 곳으로 일부 공간이 개방되어 누구든 입장 가능해요

있는 그대로의 자연을 간직하고 있다는 것이 신기할 정도에 푸른 초원을 배경삼아 지내는 말도 보고🐴
서울 가까이에 있어 봄, 여름에는 피크닉 장소로도 많이들 찾으시는 장소랍니다~

은행나무 스팟도 바로 여기!💛💛
이번주가 절정일 듯 한데~
노랑노랑 금빛으로 물든 은행나무숲 보러 이번주 떠나보시죠~🚗"
93_15_7,93_15,93,7,"주차하다 시간잡아먹어서 3분차이로 입장도 못함.
아저씨 유도리도 없고 몇십명 그대로 돌아감.
아저씨 불친절 끝판왕. 기름값과 시간만 버리고옴."
93_15_8,93_15,93,8,응행잎이 떨어져서 가을 산책길이 좋아요
93_15_9,93_15,93,9,가족들이랑 밥먹고 산책코스로 방문 주차장이 협소 하나 눈치게임으로 이기면 편하게 다녀올수 있음
93_15_10,93_15,93,10,주차장이 쫍긴한데 주말 12시쯤가니 거의 꽉 찼었습니다. 입장료 없이 무료로 들어갈수 있는데 대관령 양떼 목장 만큼은 아니지만 비슷한 느낌으로 뷰가 트여 있어서 좋았습니다^^ (서울 근교에서 이런곳 찾기 어렵죠ㅎ) 돗자리랑 간단한 먹거리 챙겨가면 딱 좋을것 같습니다^^ 벚꽃도 중간중간 많이 펴서 더 이쁘네요^^ 산책만 하신다면 30분정도면 다 돌수 있을것 같습니다
93_15_11,93_15,93,11,생각보다 사람이 많고 주차장이 협소해서 아쉬웠어요 ㅠㅠ 더운여름에 비추예요 ㅜㅜ 중간에서 너무 덥하고 습해서 돌아왔어요 ㅠㅠ 날씨선선한날 가시는걸 추천드립니다
93_15_12,93_15,93,12,"넓은 잔디밭에 말들이 한가롭게 쉬는 모습을 볼수 있습니다.
산책로는 10분 내외의 살짝 오르막이지만, 남녀노소 다 쉽게 이동할 수 있을거 같아요. 휴게 공간과 벤치가 있구요. 음료 자판기는 고장.
가족들과 산책하고 잠깐 앉아서 쉬기 좋습니다. 그러나 텐트사용 금지이고, 사람에게 개방된 구역도 제한이 있습니다.
바로 옆. 삼릉과 함께 사용하는 주차장은 20-30대 정도 작은 규모인데 비수기에도 날이 좋으면 꽉 차서 길가 주차를 해야 합니다."
93_15_13,93_15,93,13,"산책하고 사진찍기 좋은 장소예요. 단, 주차공간이 협소한 편이라 방문객이 많을 경우 주차가 힘들 것 같습니다."
93_15_14,93_15,93,14,"입장료 무료, 개방공간이 적은 편이라 30-40분 내외로 간단하게 산책하기 좋습니다. 지금 날씨에 가기 좋고, 말이 좋아(비싸)보여요. 바로 옆에 서삼릉 있고, 산책로 잘 되어 있습니다."
93_15_15,93_15,93,15,
93_15_16,93_15,93,16,정말넓고 조용하고 정말좋습니다
93_15_17,93_15,93,17,엄청 뷰가 좋고 산책 및 피크닉하기 좋아요
93_15_18,93_15,93,18,서삼릉 바로 옆에 있어서 서삼릉과 코스로 둘러보면 됩니다. 무료입장이고 개방된 구역이 막 넓진 않아서 천천히 둘러봐도 30분이면 충분합니다. 말을 볼 수 있는 재미난 곳입니다.
93_15_19,93_15,93,19,"서오릉주변에
산책로가 잘되있구 경치도 좋구
말도볼수있어서
날씨좋으면 산책삼아 가볼만한곳~~!"
93_15_20,93_15,93,20,"무료이구 붐비지 않아 걷기 좋구 곳곳에 앉아
쉴곳 마련되어있어 좋네요
은행나무가 많아 단풍드는 때 방문했음
더 좋았을듯요 내년에 가봐야 겠어요"
93_15_21,93_15,93,21,마사회운영인것같아요. 입장료 무료에 탁트인 뷰와 말을 볼수 있어요. 산책하듯 걷기좋아요. 더운날만 피하면 좋아요
93_15_22,93_15,93,22,아이와 가족과 산책하기 너무 좋은 장소에요~많이 덥지 않은 오전에 가서 멀리있는 말도 구경하고 한 바퀴 산책하기 딱 좋아요~^^
93_15_23,93_15,93,23,
93_15_24,93_15,93,24,아이와 가볍게 산책하며 걷기 좋아요!
93_15_25,93_15,93,25,아이와 산책하기 좋아요
93_15_26,93_15,93,26,ㅅㅈㅅㅈㅅㅈㅅㅈㅅㅈㅅㅈ
93_15_27,93_15,93,27,조아요
93_15_28,93_15,93,28,친절해요
93_15_29,93_15,93,29,좋아요
93_15_30,93_15,93,30,좋아요
93_16_1,93_16,93,1,행주산성역사공원은 한강변에 있기도 하고 노을질 때 가면 행주대교 밑으로 해가 지는 모습을 한 눈에 볼 수 있습니다.
93_16_2,93_16,93,2,산책하기도 좋고 편히 쉬다가기 좋아요 경치 좋고
93_16_3,93_16,93,3,"산책로 잘 되어 있어 휠체어, 유모차 이용이 편해요.
강가를 보기도 좋고, 잔디가 넓어서 돗자리 깔고 피크닉 하기 좋아요.
주변에 식당, 카페가 많아서 가볍게 가서 산책후 먹기 좋아요."
93_16_4,93_16,93,4,주차하기도 편하고 서울에서 멀지않아 가족이나 친구들과 오면 좋아요. 행주한강공원과도 연결되어 있어 걷기도 편해요
93_16_5,93_16,93,5,"4시경 들어올 때 부터 출차 하는 차량들 보고 걱정했는데
아니나 다를까 6시쯤 출차 하려니 출차 소요시간이 더 심각합니다.
주차요금을 위한 농간인지 민원이 많이 들어올 법 한데
개선이 시급해보입니다.
잔디밭 넓고 피크닉 하기는 좋은데 출차가 힘드네요.
주변 편의점이 없으니 음식 잘 챙겨오시고 쓰레기통이 안보여서 쓰레기는 집으로 가져가야 합니다.
-주차 사전정산 및 주차요원 필요
-쓰레기통 설치 필요

6:40경 수월하게 출차 하였는데 나가면서 보니 경찰분들 와계셨고 차단기는 열어두고 출차 시키는 걸 보니 문제가 있던 것 같습니다만 관리 요원 배치는 필요해 보입니다."
93_16_6,93_16,93,6,"주차 관리인 한명없이 주차정산 차단기만 만들어 놓으면 어쩌자는건가요 나가는대만 지금 2시간 입니다. 사람들 모두 화가 나있고 시민들이 자처해서 교통 정리 하고 계십니다.

차단기정산 시스템을 사전 정산으로 변경하시던가 조치를 빠른 시일내에 하시길 바랍니다."
93_16_7,93_16,93,7,노을 맛집 산책 🚶‍♂️ 하기 좋은곳
93_16_8,93_16,93,8,"주차장관리를 하는 사람 한명없이 개판 난리를 만드는 사람들 직무유기다
개똥같은주차요금 받으려고 가림막 만들어서 나가는데만 1시간 미쳐
머리에 생각들이 있는건지 현장나와보고 반성해라
쉬러왔다 스트레스 만땅 만들고간다
한심한 공무원들아"
93_16_9,93_16,93,9,"주차비가 생겨서 슬퍼요..
강아지 데리고 종종 놀러가는 곳이에요
항상 사람이 많아요
강따라 산책로가 생겼는데 뷰가 좋아요"
93_16_10,93_16,93,10,주차비도 저렴함
93_16_11,93_16,93,11,노을 맛집 추천
93_16_12,93_16,93,12,
93_16_13,93_16,93,13,노을과 바람 그리고 산책로
93_16_14,93_16,93,14,"행주산성에 오르는데 꽤 오르막이 있어요
교통약자를 위한 전기전동차는 성인 1000원이면 편도 이용가능해서 타고 올라가봤어요
직원분들 아주 친절하시고요
행주산성오랜만에 방문했는데 산책길도 좋고 한적하니 구경하기 좋으네요

방화대교 뷰가 훌륭합니다~
짧지만 전기전동차로 올라가는 영상 있어요 👍"
93_16_15,93_16,93,15,석양이 진다 아름다운 곳
93_16_16,93_16,93,16,"저녁식사후 더위도 식힐겸 산책하기 좋았다
강바람도 시원하고,
행주대교 너머로 저무는 노을도 운치있었고~

근처에 예쁜 카페들이 많으니 뷰 멋찐곳으로 들어가 커피한잔 마시며 바라보는 행주나루터 한강야경도 볼만할듯~"
93_16_17,93_16,93,17,한적함의 끝을 경험하고 싶다면 이곳 추천
93_16_18,93_16,93,18,행주산성 주변에 가볼만한 카페도 많아요 그리고 역사공원에 들려 보는 것도 좋아요 시설이 잘 되어 있어서 잔디밭에서 휴식을 취하거나 산책하기 좋아요
93_16_19,93_16,93,19,노을 맛집 추천합니다
93_16_20,93_16,93,20,시원하게 신책 할수있어 좋음
93_16_21,93_16,93,21,행주산성 내 행주 기씨 시조가 태어난 곳
93_16_22,93_16,93,22,주차장이 유료로 바뀌고 나서 쾌적해 졌어요.
93_16_23,93_16,93,23,"태리랑 산책하러 방문한 행주산성 역사공원
이전에는 주차가 무료렸는데 유료화로 바뀌었지만
비싸진 않았네요
다리뷰가 멋져요 산책하고 의자놓고 힐링하는 사람들 있네요"
93_16_24,93_16,93,24,저녁에 갔는데 많이 춥네요
93_16_25,93_16,93,25,"사람이 너무 많아서 복잡하지도 않고
너무 없어서 무섭지도 않고.. 딱이예여
안유명해지면 좋겠어요"
93_16_26,93_16,93,26,"산책하고가요
굿"
93_16_27,93_16,93,27,행주산성 공원 너무 좋아하는 곳이랍니다 그런데 공연하시는분들 때문에 편안한 휴식이 방해를 받는답니다 공연이 아니라 소음예요 공연을 못하게 해주심 좋겠어요 꼭 부탁드립니다
93_16_28,93_16,93,28,산책하기 좋은곳
93_16_29,93_16,93,29,산책하기 조은곳^^
93_16_30,93_16,93,30,한강뷰가 있어 좋아요
93_18_1,93_18,93,1,서울근교 산책하고 쉬기 좋아요 잔디도 잘되어있고 눈이 시원 부지도 엄청 넓어요
93_18_2,93_18,93,2,"무인관제시스템이라
편리합니다."
93_18_3,93_18,93,3,"주말에 해주산성에서 식사하고 자주 산책하는곳
산채로와 잔디가 잘 조성되어 있어 자주 찾는곳이랍니다
주차장 정비도 그사이에 잘 되어 있네요
넓은잔디에 반려견들이 뛰노는 모습도 좋구요~~

근데 배변관리가 잘 안되네요
산책로 걷다 피하며 걷는게 좀 힘들어 빨리 나왔답니다 ㅠㅠ"
93_18_4,93_18,93,4,운동하기 좋은곳
93_18_5,93_18,93,5,강아지 산책하기 좋습니다.
93_18_6,93_18,93,6,산책하기 너무 좋아요! 공원 내 화장실도 있어요
93_18_7,93_18,93,7,걷기 좋은곳. 주차장도 여유있고 가격도 저렴합니다.
93_18_8,93_18,93,8,사람 이렇게 많은데 화장실 이용못함 ㅡㅡ 잠겨있음
93_18_9,93_18,93,9,주차장 주차장
93_18_10,93_18,93,10,운동과 산책
93_18_11,93_18,93,11,16분 주차비_320원
93_18_12,93_18,93,12,이렇게 아무도 없는 한강공원은 처음
93_18_13,93_18,93,13,"넓은 잔디밭..
아직 그늘과 화장실은 없어요~~"
93_18_14,93_18,93,14,"행주산성 공원 주변 주차장 유료화되면서
허구한날 캠핑카 짱박아놓는 것들, 주차라인 두세개 먹고 술판 벌리는 것들, 차박한다고 주차장에 살림 깔아놓는 족속들 싸그리 사라져서 속이 다 시원합니다^^"
93_18_15,93_18,93,15,주차비가 싸지 않지만 안전하게 아이랑 시간보내기 좋아요.
93_18_16,93_18,93,16,굿
93_18_17,93_18,93,17,캠핑카 알박기 때문에 다 유료로 바뀌는 슬픈 현실
93_18_18,93_18,93,18,낮에는 잔디 밤에는 일몰 맛집입니다~~
93_18_19,93_18,93,19,"넓은 주차장과 들판, 아이들 뛰놀기 너무 좋은데
화장실이..아직도 없어서 망설여지네요.
유료 주차 시행하셨다면 화장실도 부탁드립니다
아이들데리고 마음편히 이용하고 싶네요"
93_18_20,93_18,93,20,뷰가 너무 좋아요
93_18_21,93_18,93,21,산팩하기좋어요
93_18_22,93_18,93,22,차박하기 딱
93_18_23,93_18,93,23,굳
93_18_24,93_18,93,24,좋아요
93_18_25,93_18,93,25,행주산성 갔다가 한강공원 갔다가
93_18_26,93_18,93,26,좋아용
93_18_27,93_18,93,27,밤산책하기 너무 예뻐요
93_18_28,93_18,93,28,좋아용 강아지 산책스팟
93_18_29,93_18,93,29,산책로가 잘 되어있어요
93_18_30,93_18,93,30,👍👍👍👍
93_19_1,93_19,93,1,"넓고 물밑으로 내려가는 곳이랑 가까워요. 상 두개 있고 상은 물티슈로 열심히 닦았습니당 ㅎㅎㅎㅎㅎ 다음에는 매트도 가져가서 깔아야겠어요. 잘쉬었어요.
3시이용으로 갔는데 미리 도착했는데 이른 입장은 안해주심 ㅋㅋㅋㅋㅋ 일찍 온 경우 기다려야해요."
93_19_2,93_19,93,2,"원두막 주말농장 텃밭을 사용하고 있는 이용자입니다
항상 갈때마다 힐링하고 오는 장소지요 ^^
원두막 사용이 유로화로 바뀌고도 종종 예약하고 , 가족 친목모임하고 있습니다. ^^
이날은 텃밭에 사람이 많아서 였는지 화장실 줄이 너무 길어서 좀 힘들었습니다. 그리고 화장실이 조금 더 깨끗했으면 좋겠다고 희망합니다. 또 원두막에 있는 테이블 상다리가 고정해도 나사가 빠졌는지 흔들흔들 ..ㅜ 몇번 테이블이 무너질뻔 .(밥먹다 날벼락 맞을 뻔..했습니다)
확인하시고 보수해주셨음 합니다. 😀😅
또 이용하겠습니다 !!^^"
93_19_3,93_19,93,3,원두막 주말농장 서울에서 가기 편하고 주변에 개천도 있어 고기구워 먹기 편하고 하루 편히 쉬기 좋은곳 같습니다
93_19_4,93_19,93,4,주말농장에 파릇파릇 채소들과 함께 바베큐 파티 정말 좋아요
93_19_5,93_19,93,5,분위기 좋아요~
93_19_6,93_19,93,6,"공기도 좋구
완전힐링하고 왔네요"
93_19_7,93_19,93,7,"아이들과 함께 즐겁게 농장도 가꾸고 준비해간 고기도 구워 먹으며 즐거웠답니다....
개울가에서는 손자가 물놀이도 하며 재미있고 편하게 즐기다 왔어요.
가족 나들이하기에 딱 좋아요~^_^~"
93_19_8,93_19,93,8,"청결하진 않았지만
바로 아래 얕은 계곡이 있어서
이용하기 좋았어요~가격도 저렴하니
내년에도 이용해 볼 생각입니다"
93_19_9,93_19,93,9,너무나 좋은 주말농장이에요 고기도 꾸워먹고 농작물도 수확하고 옆엔 북한산 물줄기가 흘러서 계곡에서 발도 담그고 너무 좋아요^^
93_19_10,93_19,93,10,"서울 지척에 있어서 지인들이 내년부터 텃밭농사 짓겠다고 앞다투어 접수한다고합니다
갑자기 원두막 홍보대사가 되었네요"
93_20_1,93_20,93,1,"두번째 방문한 성라피크닉캠핑장~^^
가을 🍂 이 한껏 물든 이곳은 또다른 풍경으로
다가왔다,,,,,,
전에 눈여겨 보지 않았던 화장실이 대박이닷!!!
청결하고 깨끗한 건 기본이고
불법촬영을 방지하는 안심반사경이 넘 특이했다
비상벨은 있어 온 거라~~~그리 ㅎ
이러니 외국인들이 대한민국 🇰🇷 👍 좋다고
난리들인가보다,,,지인중에 미국에 사시는 분이
있는데 높아진 한국 위상에 뿌듯 하시단다
안심반사경을 보면 아마도 외국인들
뿅 가겠지 싶다 ㅎㅎ
우리나라 만세 🙌 🙆 🤗 😄 😊"
93_20_2,93_20,93,2,"가을 피크닉 고기구워먹기 좋은 성라피크닉장

● 고양시 운영 예약 전용 취사 가능 피크닉장

회차별 5시간 이용 가능 (고양시민 외에도 이용가능)
1회 10:00~15:00 / 2회 16:00~21:00
여름엔 2회차 인기가 좋다고 합니다.

● 예약방법
예약은 고양특례시 통합예약 홈페이지
(블로그 리뷰 참고하시어 예약 진행하시길)

● 이용 주의사항
일반쓰레기는 고양시 종량제 봉투 챙겨오서서 처리하시길 부탁드리며 설거지 행위는 불가.

여름엔 간이선풍기 지참하면 좋겠습니다

● 주변 맛집 - 널븐뜰 (갈비맛집)
주변 카페 - 원스위트 (베이커리 카페)

● 주변 마트 - 지도농협 로컬푸드매장 화수점

자세한 내용은 '아빠! 또 산가?' '블로그 리뷰를 참고해주세요"
93_20_3,93_20,93,3,"관리가 잘되어 있어서 깨끗하고
관리자분이 안내도 친절하시고 좋았어요
사람이 많지 않아서 쾌적하게 이용할 수 있었고
피크닉하면서 쉬고 사진 찍기도 좋아요~
화장실도 개수대도 분리수거장도 깨끗했어요
한가지 단점은 러브버그가 너무 많았어요😖🪲🪲"
93_20_4,93_20,93,4,넓고 단풍나무 많고
93_20_5,93_20,93,5,"산책로가 잘 되어있고 공중화장실도 있어요
벚꽃명소입니다🌸"
93_21_1,93_21,93,1,"산책, 운동하기 좋은 공원 😊"
93_21_2,93_21,93,2,"산책하기 좋아요
조용히 걸으며 생각하기 좋아요
의자가 많아서 쉬기 좋아요
그늘이 많아서 시원해요
주차장에 장기간 짱박은 차들 좀 처리해주세요"
93_21_3,93_21,93,3,조아요 너무 시원해요
93_22_1,93_22,93,1,디자인도 예쁘고 선물용으로 구매했는데 만족스러워요
93_22_2,93_22,93,2,조아용
93_22_3,93_22,93,3,고즈넉하니 좋아요
93_22_4,93_22,93,4,조용하고 마음잊 맑아져요
93_22_5,93_22,93,5,좋아요
93_22_6,93_22,93,6,템플스테이 하고 왔습니다! 체험도 좋았고 자연경관도 좋은 곳에 위치한 절이라 힐링도 됐습니다!
93_22_7,93_22,93,7,좋아요
93_22_8,93_22,93,8,ㄱㅊ
93_22_9,93_22,93,9,좋아요
93_22_10,93_22,93,10,너무 쉬기 좋고 북한산 뷰도 좋아 힐링하고 갑니다
93_22_11,93_22,93,11,굿
93_22_12,93_22,93,12,.
93_22_13,93_22,93,13,좋아요.
93_22_14,93_22,93,14,조용하고 좋아요
93_23_1,93_23,93,1,
93_23_2,93_23,93,2,
93_23_3,93_23,93,3,
93_23_4,93_23,93,4,
93_23_5,93_23,93,5,"화정동에 있는 공원. 주변에 음식점, 카페가 많아요."
93_23_6,93_23,93,6,
93_23_7,93_23,93,7,새로너온신메뉴인데 맛있네요~
93_23_8,93_23,93,8,
93_23_9,93_23,93,9,
93_23_10,93_23,93,10,
93_23_11,93_23,93,11,걷기 좋은곳이네요.
93_23_12,93_23,93,12,
93_23_13,93_23,93,13,
93_23_14,93_23,93,14,
93_23_15,93_23,93,15,"키오스크 주문시 매장 내부에 머신있는쪽으로 주문서가 넘어갑니다.
개인컵인데 확인못하시고 테이크아웃잔으로 바로 받으셔서 다시 말씀드렸어요..
개인컵 이용시 직원분께 바로 말씀해주시거나, 매장 안으로 들어가시는걸 추천합니다."
93_23_16,93_23,93,16,
93_23_17,93_23,93,17,
93_23_18,93_23,93,18,
93_23_19,93_23,93,19,
93_23_20,93_23,93,20,"굿
굿
굿
굿
굿"
93_23_21,93_23,93,21,친절해요
93_23_22,93_23,93,22,좋아요
93_23_23,93_23,93,23,
93_23_24,93_23,93,24,
93_23_25,93_23,93,25,좋아요
93_23_26,93_23,93,26,굿
93_23_27,93_23,93,27,커피가 좀 많이 연해요ㅠ_ㅠ
93_23_28,93_23,93,28,패쓰오더는 언제부터 가능해질까요?
93_23_29,93_23,93,29,굿굿
93_23_30,93_23,93,30,저렴합니다
93_25_1,93_25,93,1,"행주가 예술이야 축제 기간인줄 모르고 갔는데
축제기간이라 다양한 프로그램과 산성음악회도 열리고
낮에도 한적하고 좋았지만 야간에 야경도보고
좋을것같아요.
친구들과 좋은 추억만들고 좋은시간 보내고왔어요"
93_25_2,93_25,93,2,"와이프와 함께 행주산성으로 데이트를 다녀왔습니다. 초여름의 푸른 숲길을 따라 천천히 산책하며 자연 속에서 힐링하는 시간이었어요. 정상에 오르니 한강과 김포평야가 시원하게 펼쳐져 있어 가슴이 탁 트이는 기분!😆❤️❤️

역사적 의미가 깃든 장소라서 산책하면서 자연스럽게 이야기 나눌 거리도 많았고요. 산성 안에는 전망 좋은 벤치도 많아 잠시 앉아 쉬기에도 좋았습니다. 오랜만에 자연과 역사, 대화가 어우러진 여유로운 데이트였어요.👨‍🍳💕💕"
93_25_3,93_25,93,3,"덥고 힘들어서 산성한바퀴는 못돌았어요
토성쪽으로 산성 흙길만 걸어보고 돌아왔어요
예전에 한바퀴 돌아봤던곳이긴한데
한강뷰가 보이는곳을 못가봐서 아쉽네요
선선한 가을 단풍시즌에 좋을것같습니다 ~~"
93_25_4,93_25,93,4,"행주야 축제
야간오늘부터
낮에는 한산하고 적당한바랑 뜨거운햇살
산책하기 좋아요.
탁 트인 전망 강추"
93_25_5,93_25,93,5,25분거리임에도 18년동안 한번도 안가본 행주산성. 남푠과 데이트♡
93_25_6,93_25,93,6,원조국수집에서 아점후 행주산성 둘러보기
93_25_7,93_25,93,7,"행주산성 행복한 산성
너무 좋은곳 낮에 다시오겠습니다"
93_25_8,93_25,93,8,행주산성의 역사를 설명해주는 볼거리가 많아요. 산책로도 잘 정비 되있고 경치도 좋습니다. 주차하기도 편해요.
93_25_9,93_25,93,9,정상까지 힘든 길로 올라가서 힘들었지만 경치도 좋고 역사적 내용도 알게되어서 너무 좋았습니다. 야간개장도 3월부터 시작해서 다음번에는 야간에 가보려구요.
93_25_10,93_25,93,10,"주차장의 화장실에는 행주산성과 관련된 로고를 만들어서 화장실 문에 그려 놓은 것이 인상적임.
행주산성과 관련된 이야기를 천에 기록하여 그림과 같이 설명한 것이 읽을 만한 자료들이 많아서 좋음. 초등학교 학생들이 체험학습으로 와서 읽고 가도 좋을 것 같음. 행주 대첩에서 사용된 기기들, 일본 장수의 칼, 권율 장군과 얽힌 이야기 등 읽을 거리가 좋았음.
정상에서는 한강의 여러 다리들이 보이고 전망이 좋음."
93_25_11,93_25,93,11,"오늘은 고양시 행주산성에 왔습니다
주차비는 유료임. 자판기에서 커피 먹으려고 동전 500원 넣었더니 커피는 흘러내리고 종이컵 2개 겹쳐나와서 화가남. 조심하시길! 어찌 이런일이..다시 동전 넣어서 커피 마셨지만요

무료이고요 꽃길을 보면서 우산쓰고 올라가니
운치가 있습니다 길가에 조선시대에 쓰던 무기를
자세한 설명과 함께 보면서 올라가서 지루하지 않게
올라올수 있었네요

비록 비가 와서 공기는 차가웠지만 나쁘지 않았습니다
개나리가 많이 펴서 고개 숙이고 있습니다 몇일지나면
꽃 떨어질듯!

정상까지 올라가니 힘은 들었지만 뿌듯했네요
행주관람차는 일시중단한 상태래요
노약자와 몸이 불편한 분들은 교통약자 지원차량을
탈수 있다고함

4월 11일~ 4월 27일까지 행주가 매일 저녁
18시~ 22시 연대요~!"
93_25_12,93_25,93,12,"오랫만에 방문했는데

도로도 정비가 잘 되어있고

그 사이에 교통약자를 위한

관람지원 차량도 생기고

2021년 열린관광지로도 선정되었네요.

입구의 은행나무가 노랗게 물들지는 않았자만

가을을 느끼기에는 충분했어요.

사진으로 보는 행주산성의 변천사와

걸개로 쉬운 그림과 설명으로 행주산성의 역사에

대해 걸으면서 볼 수 있어 좋았습니다

토성으로 올라가서 행주대첩비를 보고

내려오면 적어도 1시간에서 2시간 정도

소요됩니다.

오늘은 하늘이 다한 날!!"
93_25_13,93_25,93,13,행주야 놀자~
93_25_14,93_25,93,14,사진자나오는곳
93_25_15,93_25,93,15,"축제 기간이라 방문했는데 조명이 너무너무 예쁘고 방화대교, 여의도 야경도 끝내주는 이곳♥️ 밤 축제라 조명에 힘을 빡 준 것 같은데 인생사진 건지기 너무 좋아요! 체험 부스도 많지는 않지만 소박하게 설치되어 있어서 캐리커쳐도 그려보았는데 화가 분이 너무 친절하셔서 기분좋게 작품 건질 수 있었어요! 미디어아트존도 완전 경이로울 정도로 예쁘고 신비로웠어서 절대 잊지 못할 추억을 갖게된 것 같아요. 주변에 잔치국수 맛집이 있어서 잔치국수까지 알차게 잘 먹고 갑니다🍜"
93_25_16,93_25,93,16,"”행주가예술이야“행주산성 빛축제 보러 갔어요!
빛축제기간은 9/27~10/13일까지이고, 18:00~22:00(입장마감 21:00)이네요. 주차무료였어요! 이날 사람 진짜 많았어요! 초입에 문화관광해설사에서 신분증내고 천사초롱 대여 받아서 들고 다니면서 구경했어요~ 조성왕조 MBTI실록 재미있었구요. 가족끼리 가서 각 엠비티아이 적혀있는 문구 옆이나 의자에 앉아 사진도 남겨봅니다. 미디어아트도 멋있었어요! 조명+야경이 멋지더라구요~~
밤산책하기 좋았습니다.👍
행주산성은 두번째 방문인데 빛축제는 매년 올만 한것 같아요! 추천합니다~~"
93_25_17,93_25,93,17,"운전연습하러 간 행주산성

올라가는 길은 오르막길로 힘들었지만

위로 올라가니 경관도 좋고

여유있었어요~

덕양정에서 경관을 즐길 수 있으면 좋았을텐데

아래로 나무가 커서 경관을 즐기기보다

쉬기에 좋았네요~

시원했지만 벌레도 많았어요

밤에 가면 좋을 것 같아요~"
93_25_18,93_25,93,18,자연과 역사가 어우러져 특별한 장소💗
93_25_19,93_25,93,19,근처 밥먹구 빛축제해서 구경 했는데 형형색색 빛조명이 아름답네요 볼거리도 많구 야경이 너무 멋있네요 입장료무료 주차도 무료입니다
93_25_20,93_25,93,20,행주산성 사진으로 보던것 보다 더 좋아요
93_25_21,93_25,93,21,소풍온날~~~
93_25_22,93_25,93,22,"가을 바람 쐬러 갔는데 입장료도 무료고 탁트인 전망을 가을 바람과 함께 느껴서 너무 행복했어오.
휠체어 타는 친구와 가서 전기차 타고 올라갔는데 완전히 재밌었고
관리인 아저씨나 전기차 기사 아저씨 모두 너무 너무 친절하셔서 정말 기분 좋은 경험 이었어요.
애경 축제도 10/13까지 한다는데 야경도 이쁘다내요 ㅎㅎ"
93_25_23,93_25,93,23,좋아요 역사공부하기에 가까운 근거리에서 좋아요
93_25_24,93_25,93,24,"행주 나루터 공원~행주 한강공원~ 행주산성야간 개장
다 연결되어있고 넓은 잔디밭 너무 좋아요
넓은 대지에 비해 그늘과 화장실은 아직 부족해요"
93_25_25,93_25,93,25,가을에 정취에 빠져 걷기좋아요.
93_25_26,93_25,93,26,서울 근교 가볼만한 곳으로 걷기좋은곳으로 아이들과 연인들과 방문하기 아주 좋아요^^
93_25_27,93_25,93,27,"경사로 덕분에 살짝궁 운동도 되는 행주산성
정상에 오르면 한강view 와 북한산 view 모두 볼 수 있어요."
93_25_28,93_25,93,28,굿
93_25_29,93_25,93,29,"하늘에도 행주산성에도 아이눈에도 별이 가득
밤에 본 행주산성엔 낮과는 또다른매력이 가득💕"
93_25_30,93_25,93,30,"강변역 한강자전거길 따라 일산호수공원까지 라이딩 중간에 30년만에 두번째 방문....
역사를 잊는 민족에게는 미래가 없다."
93_26_1,93_26,93,1,"서울둘레길 중, 난이도가 ""상""
앵봉생태길: 3.8km ⛰️
입구에 캠핑장도 있네요~^^"
93_26_2,93_26,93,2,서오릉고개 녹지연결로
93_26_3,93_26,93,3,
93_26_4,93_26,93,4,구파발역에서 가까워서 접근도 편하고 산책로도 잘 되어있어 가볍게 운동하기 좋아요
93_26_5,93_26,93,5,서울둘레길 7코스는 봉산 앵봉산을 연달아 가서 힘들더라구요. 중급코스였지만… 앵봉산 계단 너무 많아서 힘들었습니다!!!
93_28_1,93_28,93,1,"근처에 왔다가 최영장군 묘가 가깝길래 들렸어요.
깨끗하게 관리되어 있네요."
93_28_2,93_28,93,2,😃👍🫰
93_28_3,93_28,93,3,황금보기를 돌같이 하라..풀이 나지않는 묘..정말일까? 궁금했는데..주차장에서 한적한. 숲길과 계단을 오르니 궁금증이 풀렸어요.가을밤도 조금 주워봤어요
93_28_4,93_28,93,4,조용한 곳
93_28_5,93_28,93,5,힐링 스팟
93_28_6,93_28,93,6,좋아요
93_29_1,93_29,93,1,"어제 내린 비로 공기가 상쾌.
촉촉한 바닥.
진달래가 곳곳에 예쁨.
사람 한명 못 봄. 힐링 됨.
조용하고 산책하기 좋음.
연신내역까지 산책하고
**징어 먹으니 세상 좋음..
간만에 곰돌과 룰루."
93_29_2,93_29,93,2,벚꽃만개
93_29_3,93_29,93,3,"북한산 둘길 12구간 충위길을 걸어봤어요.
아직은 겨울 끝이라 잿빛이지만 봄이 되면
걷기 좋은길이네요.
전망대에서는 또 다른 모습의 북한산이 보여요."
93_29_4,93_29,93,4,커피사고 빵사고 산책합니다
93_29_5,93_29,93,5,
93_29_6,93_29,93,6,"북한산은 머나먼 곳에 있었고
의욕은 넘쳤지만 옆짝꿍을 이기지 못하고
둘레길 10km만 걷고 돌아온...."
93_30_1,93_30,93,1,비 오니까 더 운치있고 좋아요!
93_30_2,93_30,93,2,와 낙엽이 어마어마하게 떨어져 있네요 🍂
93_31_1,93_31,93,1,행주산성은 역사적 장소기도 하지만 풍광도 너무좋네요. 사람도 많지 않아 산책하기 좋아요. 그래도 산인지라 정상까지 계단이 많은 힘든 코스도 있지만 걷기 쉬운 찻길도 있어서 컨디션 따라 원하는 길로 가면 됩니다. 주차비도 저렴해요.
93_31_2,93_31,93,2,"권율장군대첩비 주변의 철쭉에 넘 이뻤고
주변 산책로도 잘 정비되어있어
바람쐬기 좋아요 :)
멀지 않은 곳에 맛집들도 즐비해서 밥먹기도 좋구요"
93_31_3,93_31,93,3,"주차장 유료로 바뀌면서 주차하기 편해졌어요~
산책하기 좋아요~"
93_31_4,93_31,93,4,걷기좋아요
93_31_5,93_31,93,5,산책하기 좋아요
93_31_6,93_31,93,6,"점심에 국수먹으러갔다가
주차정신없어서 코다리집으로 갔어요
기대없이들어갔는데
너무 맛있어서놀랬어요
밥도둑이네요 코다리조림 점심특선가격좋고 번찬푸짐하고
해문파전도 먹고
우연히 득템한기분 줗네용
담에 또갈게요"
93_31_7,93_31,93,7,굿
93_32_1,93_32,93,1,정상 올라가는 길도 여러갈래이고 계속길은 계속 계곡이 나와 지루하지 않아 좋다.
93_32_2,93_32,93,2,ㅇㅇ
93_32_3,93_32,93,3,"주말이라 사람이 많았다.
오르면서 계곡 입수를 서너번~
태고사,보성암을 다녀오며 계곡에서 시원한 휴식.
보성암에서 바라본 조망은 정말 좋다.
즐거운 토요일을 보낸 하루였다."
93_32_4,93_32,93,4,"묵은지찜과 자반고등어
곤드레밥과 맛이 어우러지네요"
93_32_5,93_32,93,5,음식이 맛있어요
93_32_6,93_32,93,6,맛있어요
93_32_7,93_32,93,7,매달 모임으로 가는곳! 가족이 운영해서 그런지 친절해요.
93_32_8,93_32,93,8,
93_32_9,93_32,93,9,굿굿입니당
93_32_10,93_32,93,10,보국문 근처 북한산성에서 찍은 사진입니다. 북한산성 따라 걷기를 했는데 재미있는 경험이었습니다.
93_32_11,93_32,93,11,🌳 북한산 국립공원 의상봉(502m)~용출봉(571m)~용혈봉(581m)까지 올라갔다 하산하는 중입니다. 계곡에 물소리가 좋네요.
93_32_12,93_32,93,12,넓어요
93_32_13,93_32,93,13,"날씨만 좋았어도...
카메라만 좋았어도...
아쉬움이 많은 남는 야등입니다🥲"
93_33_1,93_33,93,1,산책하기 좋아요
93_33_2,93_33,93,2,"항상 친절하신 사장님.
구운계란과 커피에 과자까지.
깔끔하고 인심까지 후하셔서 연습 가는 길이 행복합니다."
93_33_3,93_33,93,3,좋아요
93_33_4,93_33,93,4,굿
93_33_5,93_33,93,5,ㅇㅇ
93_34_1,93_34,93,1,한적하고 너무 좋습니다..뷰가 너무 좋습니다
93_34_2,93_34,93,2,😃
93_35_1,93_35,93,1,"주차하기 편하고 산책길 잘 정비되어 있어요.
자전거길도 연결되어 있고 습지도 있어서 식물과 곤충이 많아요. 증간에 화장실도 있어 산책하기 좋아요😄"
93_35_2,93_35,93,2,뭐 아무것도 없음... 공원이라고 하기엔 좀 음산함
93_35_3,93_35,93,3,굿
93_35_4,93_35,93,4,굿
93_36_1,93_36,93,1,"맘이 아프다
고려의 마지막 왕
공양왕이 여기 있는데
관리가 넘 안되고 있다
쉼터두 없구
풀은 제멋대로이고
화장실은 지저분하고
이래서
여기를 누가 올까싶다

왕릉인데
고려왕이라고
이렇게 무책임하게 관리하시는지
아쉽다

고양시에 있는 조선왕릉과 넘비교가 됩니다"
93_36_2,93_36,93,2,비운왕 공양왕
93_36_3,93_36,93,3,.
93_36_4,93_36,93,4,♡
93_36_5,93_36,93,5,❤
93_38_1,93_38,93,1,산책하기좋아요
93_38_2,93_38,93,2,산책도하고 산도 오를수있어 좋아요
93_38_3,93_38,93,3,뷰가좋아요
93_38_4,93_38,93,4,ㅈㅇㅇ
93_39_1,93_39,93,1,"공원 조경이 매우 잘되있고 분수도 있습니다.
굉장히 크게 조성된 공원이라 운동하기에도 좋고 기분전환하기에도 좋습니다.
뒷쪽은 물가가 있고 앞쪽은 도로가 있고 강아지 놀이터도 있어서 재밌습니다.
짚라인도 탈 수 있는 놀이 시설이 있고 비온뒤에 무지개를 볼 수 있어요.
그네 의자에 앉아 친구들과 얘기도 나누며 좋은 추억 만들었어요.
또 가고 싶네요^^."
93_39_2,93_39,93,2,주차공간은 좀 작지만 공원 자체 규모는 꽤 크고 산책로도 잘 되어있고 저녁에 운동하기 너무 좋네요
93_40_1,93_40,93,1,
93_40_2,93_40,93,2,
93_40_3,93_40,93,3,.
93_40_4,93_40,93,4,.
93_40_5,93_40,93,5,굿
93_41_1,93_41,93,1,"봄철만 빼면 붐비지 않아요

저녁 노을이 정말.... 힐링입니다. 자전거는 주의하셔야 해요 개끈 자전거 핸폰만보고 고개숙인사람들 노인 조심하면 고즈넉한 시간대엔 완벽해요

꼭 아래 내려가보세요"
93_41_2,93_41,93,2,요즘 우리동네 덕수공원은 연꽃도 많이 피고 산책하기 좋아요. 운동하는 사람도 많고 깨끗한 화장실도 있어 자주 찾는 장소랍니다.
93_41_3,93_41,93,3,굿
93_42_1,93_42,93,1,산책로굿
93_43_1,93_43,93,1,깨끗하고 편안합니다 !
93_43_2,93_43,93,2,광장 의 부니기^^
93_43_3,93_43,93,3,"여기 키카는 처음인데 시설보고 깜놀했어요!!
크기도 크기지만 부모님들 쉴곳이 너무너무 많아서 전 너무 좋더라구요
못보던 놀이기구도 많고 자주 올꺼같아요~~"
93_43_4,93_43,93,4,화이트 ❄️크리스마스 🎄 🎅 ❄️ ☃️ 거리엔 하얀눈꽃으로 물들었어요.☃️❄️행복한 크리스마스가 되시길 🙏 ❄️☃️🎄🎅🤗🙏
93_43_5,93_43,93,5,
93_44_1,93_44,93,1,숨은 벚꽃명소입니다!
93_44_2,93_44,93,2,"마상 작은도서관에서 책도 빌리고 옆 산길도 걸을 수 있어 좋아요
오늘도 한즥했어요"
93_44_3,93_44,93,3,나무가 우거져 그늘도 많고 쉴곳도 많고 깨끗하게 잘 관리되어 있어 강아지와 산책하기 너무 좋아요!
93_45_1,93_45,93,1,"한가하고 철쭉이 예쁘게 피었네요.
주말에 가족과 함께하면 산책하기 좋을 덧 같아요"
93_45_2,93_45,93,2,"걷다보면.도시뷰 🏢
먼산을 보면 북한산 뷰 🛤️."
93_45_3,93_45,93,3,스타필드와 가까운 곳에 있어요 공원에 사람이 많지 않아 붐비지 않고 예쁜 오리들도 있고 그네도 있어 잠시 쉬었다 가기 좋고 산책하기 좋아요
93_45_4,93_45,93,4,한국인의 밥~
93_45_5,93_45,93,5,산책하기 좋아요~
93_45_6,93_45,93,6,"평일에는 한산하네요
오리들이 평화롭게 놀아요"
93_46_1,93_46,93,1,"당도가 너무 달아요
담백하게. 만든다면 더 좋겠습니다"
93_47_1,93_47,93,1,"저번에 고양 창릉천 유채꽃밭 다녀왔는데,
진짜 기대 이상으로 너무 좋았어요! ㅋㅋㅋㅋ
서울 근교에 이렇게 아름다운 명소가 숨어있을 줄이야!
주차장도 무료인데다가 꽤 넓어서 주차 걱정 없이 편하게 다녀왔네요. 유채꽃밭이 생각보다 정말 넓으니까 운동화 필수고요!
햇빛이 강한 날에는 양산이나 모자 꼭 챙기시면 좋아요.
아직 많이 알려지지 않아서인지 사람 북적이지 않고 여유롭게 꽃 구경하며 사진 찍기 너무 좋았습니다.
바람에 살랑이는 노란 유채꽃을 보고 있으니 절로 힐링되고 기분 전환 제대로 되더라구요.
관리도 잘 되어 있어서 깨끗하게 잘 즐기고 왔습니다.
고양 창릉천 유채꽃밭, 꼭 방문해야 할 숨은 명소로
완전 추천해요! ㅋㅋㅋㅋ"
93_47_2,93_47,93,2,꽃이 많이 펴 있어요
93_48_1,93_48,93,1,"넓은 푸른 잔디밭이 있어서 아이가 뛰어놀기 너무 좋아요!
예쁜 가을 하늘에 푸른 잔디밭은 사랑입니다☁️💚"
93_48_2,93_48,93,2,"정서적 산책하기 조은곳^^,"
93_50_1,93_50,93,1,굿
